id,title,artist,album,image,url,duration,year,genre
AN1zv7KP,Anuvanuvuu,Sunny M.R.Arijit Singh,Om Bheem Bush,https://c.saavncdn.com/000/Om-Bheem-Bush-Telugu-2024-20240401231417-500x500.jpg,https://aac.saavncdn.com/000/cb9d6e279ff308e6d35507b5a4c27299_320.mp4,211,2024,
ncBHw-c5,Suttamla Soosi,Anurag KulkarniYuvan Shankar Raja,Gangs Of Godavari,https://c.saavncdn.com/000/Gangs-Of-Godavari-Telugu-2024-20240530193901-500x500.jpg,https://aac.saavncdn.com/000/c922662ca59e61d93c86b8aa20007bea_320.mp4,202,2024,
O_iU1zto,Ola Olaala Ala,Ranina ReddyN.C. Karunya,Orange,https://c.saavncdn.com/105/Orange-Telugu-2006-20210624180302-500x500.jpg,https://aac.saavncdn.com/105/237c590e3f0871ef19b1aab3aee07274_320.mp4,334,2010,
PiXTKfRo,Radhika,Ram Miriyala,Tillu Square,https://c.saavncdn.com/000/Tillu-Square-Telugu-2023-20240405190047-500x500.jpg,https://aac.saavncdn.com/000/7d014e12bf442a3e40bc98b34c3a22f8_320.mp4,188,2023,
A7AAUlh8,Nijame Ne Chebutunna,Sid Sriram,Ooru Peru Bhairavakona,https://c.saavncdn.com/000/Ooru-Peru-Bhairavakona-Telugu-2023-20240215171825-500x500.jpg,https://aac.saavncdn.com/000/507ac0876cbea201b822123ed81ea3fc_320.mp4,214,2023,
WEQu2WTS,Oka Maru Kalisina Andam,KarthikHarris Jayaraj,Ghajini,https://c.saavncdn.com/871/Ghajini-2005-500x500.jpg,https://aac.saavncdn.com/871/4dbe792b9c05172ed8a8fffe3561e9cd_320.mp4,353,2005,
U7q200WO,College Papa,Bheems CeciroleoVaramKeerthana SharmaGopika UdayanRam Nithin,MAD,https://c.saavncdn.com/000/MAD-Telugu-2023-20231004152950-500x500.jpg,https://aac.saavncdn.com/000/7b0786b276a69c59f717399deb4d1c2e_320.mp4,245,2023,
Z19qWKz9,O Rendu Prema Meghaalila (First Love Song),Vijai BulganinSreerama Chandra,Baby,https://c.saavncdn.com/732/Baby-Telugu-2023-20230710131123-500x500.jpg,https://aac.saavncdn.com/732/69124058bda0644eea3fdf0217c04952_320.mp4,314,2023,
VlZYRcfQ,Mastaaru Mastaaru,G.V. Prakash KumarShweta Mohan,Sir,https://c.saavncdn.com/blob/026/Sir-Telugu-2022-20230211174608-500x500.jpg,https://aac.saavncdn.com/000/be9f5d9003cc9114189bc6c3551e4743_320.mp4,225,2022,
qlFP7Lvm,Jalsa Jalsa,Baba SehgalRita Thyagarajan,Jalsa,https://c.saavncdn.com/903/Jalsa-2008-500x500.jpg,https://aac.saavncdn.com/903/afeef4df57a4bb28b5b3b9eea8678b58_320.mp4,259,2008,
gYM27Q-D,Vellake,Bharatt-SaurabhYazin NizarAnirudh Ravichander,Vellake,https://c.saavncdn.com/040/Vellake-Telugu-2023-20230510195047-500x500.jpg,https://aac.saavncdn.com/040/9b2f383a9287283c3776c6684ee73f7c_320.mp4,217,2023,
1S6VGbCH,Chamka Chamka,Mani SharmaRanjithGeetha Madhuri,Chirutha,https://c.saavncdn.com/959/Chirutha-2007-500x500.jpg,https://aac.saavncdn.com/959/ea6c72762b402462dfd1819113a9bdbf_320.mp4,308,2007,
bPFI_Oil,Oororo Yogi,KarthikSunitha Upadrasta,Yogi,https://c.saavncdn.com/630/Yogi-Telugu-2006-20190723074525-500x500.jpg,https://aac.saavncdn.com/630/5ccf8d8b97866459ca0b66b7584a5887_320.mp4,277,2006,
#NAME?,Mellaga,Devi Sri PrasadS.P. CharanSumangali,Varsham,https://c.saavncdn.com/449/Varsham-2003-500x500.jpg,https://cdn.pixabay.com/download/audio/2022/01/18/audio_d0a13f69d2.mp3?filename=mountain-path-125573.mp3,321,2003,
kBlrtHYZ,Maha Muddu,Mani SharmaShreya GhoshalKarthik,Jai Chiranjeeva,https://c.saavncdn.com/627/Jai-Chiranjeeva-2005-500x500.jpg,https://aac.saavncdn.com/627/ac85c1f1266c03c9ed20b21ef4d9a57d_320.mp4,306,2005,
54S2cA8W,Chiguraku Chatu,Mani SharmaSujatha MohanS.P. Charan,Gudumba Shankar,https://c.saavncdn.com/495/Gudumba-Shankar-2004-500x500.jpg,https://aac.saavncdn.com/495/4cc4389e2496d93a1b21d87478cdf372_320.mp4,311,2004,
ARuXdxyk,Kurchi Madathapetti,Mahesh BabuThaman SSri KrishnaSahithi Chaganti,Guntur Kaaram,https://c.saavncdn.com/000/Guntur-Kaaram-Telugu-2023-20240126145901-500x500.jpg,https://aac.saavncdn.com/000/a8b06cdf02fd61001823e10d55ad3ebe_320.mp4,216,2023,
DK808b4x,Kalalo Kooda,Tanishk BagchiSid SriramVaishnavi Kovvuri,Liger (Telugu) (Original Motion Picture Soundtrack),https://c.saavncdn.com/448/Liger-Telugu-Original-Motion-Picture-Soundtrack-Telugu-2022-20220826184921-500x500.jpg,https://aac.saavncdn.com/448/7aecba3f88bf10c2f23a23a990fcc36a_320.mp4,246,2022,
aVrpjw_7,Ticket Eh Konakunda,Ram Miriyala,Tillu Square,https://c.saavncdn.com/000/Tillu-Square-Telugu-2023-20240405190047-500x500.jpg,https://aac.saavncdn.com/000/4230cca1e82b5c22a2c34063e561ae0f_320.mp4,189,2023,
LLF5ZxnQ,Chiru Chiru,Yuvanshankar RajaHaricharanSagar Desai,Awaara,https://c.saavncdn.com/612/Awaara-Telugu-2013-500x500.jpg,https://aac.saavncdn.com/612/9c7b1b948242534344ea7acf3da553dc_320.mp4,286,2010,
yU_Zx3mf,Dum Masala,Thaman SSanjith Hegde,Guntur Kaaram,https://c.saavncdn.com/000/Guntur-Kaaram-Telugu-2023-20240126145901-500x500.jpg,https://aac.saavncdn.com/000/a20063ed2317350eb8f7e13728847e40_320.mp4,206,2023,
yAr5E8FZ,Konte Chooputho,Belly RajDeepaJames Vasanthan,Ananthapuram 1980,https://c.saavncdn.com/236/Ananthapuram-1980-Telugu-2013-500x500.jpg,https://cdn.pixabay.com/download/audio/2022/03/10/audio_5b667e5bb3.mp3?filename=electronic-future-beats-117997.mp3,326,2013,
1gugl0jt,Po Ve Po - The Pain Of Love,Anirudh RavichanderMohit Chauhan,3 (Telugu),https://c.saavncdn.com/244/3-Telugu-2012-500x500.jpg,https://aac.saavncdn.com/244/c98976a02a6ce03c15004488708324fa_320.mp4,255,2012,
egqN9nKL,Adhento Gaani Vunnapaatuga,Anirudh Ravichander,Jersey,https://c.saavncdn.com/623/Jersey-Telugu-2019-20190427102305-500x500.jpg,https://aac.saavncdn.com/623/3fdef490938e83e350d820bc031dde3a_320.mp4,237,2019,
26ZdsX1e,Mr. Perfect,Rita ThyagarajanDevi Sri PrasadBaba Sehgal,Aarya - 2,https://c.saavncdn.com/298/Aarya-2-Telugu-2009-20190822135933-500x500.jpg,https://aac.saavncdn.com/298/f59220bb6eb2f89afb48391c4e72743b_320.mp4,276,2009,
BgqPmnlD,Apudo Ipudo,Devi Sri PrasadSiddharth,Bommarillu,https://c.saavncdn.com/843/Bommarillu-2000-500x500.jpg,https://aac.saavncdn.com/843/ca7e36439771ce63641bc47e457d8260_320.mp4,244,2000,
U8I_Y6YR,Nuvvu Navvukuntu,Kapil Kapilan,MAD,https://c.saavncdn.com/000/MAD-Telugu-2023-20231004152950-500x500.jpg,https://aac.saavncdn.com/000/79776db2d29a11cb4d9147b67da6fb9b_320.mp4,204,2023,
2CDYPNKQ,Alloneredu Kalla,Mani SharmaK. S. ChithraParthasarathy,Seenu,https://c.saavncdn.com/406/Seenu-2000-500x500.jpg,https://aac.saavncdn.com/406/aef4dc3d3a3243012efedd166ac49dcb_320.mp4,278,2000,
cVQR6Pf7,Chinnaga Chinnaga,Mani SharmaK. S. ChithraHariharan,Tagore,https://c.saavncdn.com/769/Tagore-2003-500x500.jpg,https://aac.saavncdn.com/769/d36fdc955f7539b56e5f62bcd11bad74_320.mp4,325,2003,
QRqVZRYe,Life Of Ram,Pradeep Kumar,Jaanu,https://c.saavncdn.com/568/Jaanu-Telugu-2020-20200201183214-500x500.jpg,https://aac.saavncdn.com/568/f6e92ec11e1400b109a8c8fabf18462a_320.mp4,364,2020,
bJ9zKoGH,Ismart Title Song,Anurag Kulkarni,Ismart Shankar,https://c.saavncdn.com/213/Ismart-Shankar-Telugu-2019-20190711134004-500x500.jpg,https://aac.saavncdn.com/137/8df065439c058536cd7ce61d77180e34_320.mp4,252,2019,
4W-eQraL,Niddura Potunna,KotiShankar Mahadevan,Nuvve Nuvve,https://c.saavncdn.com/312/Nuvve-Nuvve-2002-500x500.jpg,https://aac.saavncdn.com/312/a6472c24d86af79d51bd6a2ce87014cd_320.mp4,273,2002,
85HwCRYA,Nindu Punammi Vela,Suman BadanakalSrinidhi Nerella,Nindu Punammi Vela,https://c.saavncdn.com/466/Nindu-Punammi-Vela-Telugu-2022-20220823135133-500x500.jpg,https://aac.saavncdn.com/466/e1d900114aee2d86b90550d3c2947439_320.mp4,249,2022,
tYnQN1Rc,Sooseki (From &quot;Pushpa 2 The Rule&quot;),Shreya GhoshalDevi Sri PrasadChandrabose,Sooseki (From &quot;Pushpa 2 The Rule&quot;),https://c.saavncdn.com/597/Sooseki-From-Pushpa-2-The-Rule-Telugu-2024-20240528221003-500x500.jpg,https://aac.saavncdn.com/597/ff0e8574667d494a8c9c7b9176690194_320.mp4,260,2024,
kehuVn2F,Maate Vinadhuga,Sid Sriram,Taxiwaala,https://c.saavncdn.com/761/Taxiwaala-Telugu-2018-20181123170326-500x500.jpg,https://aac.saavncdn.com/199/c6f372d7f53cfd407e4175b1e96e5faf_320.mp4,275,2018,
2tSfxpxj,Vikram Title Track (Telugu),Anirudh RavichanderPrudhvi Chandra,Vikram Hitlist,https://c.saavncdn.com/666/Vikram-Hitlist-Telugu-2022-20220607175939-500x500.jpg,https://aac.saavncdn.com/666/d7c96a80530e9b8bb08fd9f4d30f3269_320.mp4,218,2022,
5OjdY4fM,Tillu Anna DJ Pedithe,Ram Miriyala,DJ Tillu,https://c.saavncdn.com/430/DJ-Tillu-Telugu-2022-20220210033850-500x500.jpg,https://aac.saavncdn.com/430/7c1e7a6ca761e7db04d9169208d46eca_320.mp4,183,2022,
6KCYJHd6,Nalupu,Thaman SRita ThyagarajanSuchith Santoshan,Kanchana,https://c.saavncdn.com/730/Kanchana-2011-500x500.jpg,https://aac.saavncdn.com/730/fe889607e512eb8e485348f4602967a1_320.mp4,294,2011,
yQcTqw6-,Fear Song (From &quot;Devara Part 1&quot;) - Telugu,Anirudh RavichanderRamajogayya Sastry,Fear Song (From &quot;Devara Part 1&quot;) - Telugu,https://c.saavncdn.com/368/Fear-Song-From-Devara-Part-1-Telugu-Telugu-2024-20240519131003-500x500.jpg,https://aac.saavncdn.com/368/7a8cf153bc1e43fabc533b2e1ead49d9_320.mp4,195,2024,
K29POdbr,Kollagottey,Anirudh Ravichander,Remo (Telugu) [Original Motion Picture Soundtrack],https://c.saavncdn.com/342/Remo-Telugu-Original-Motion-Picture-Soundtrack--Telugu-2016-20210522202710-500x500.jpg,https://aac.saavncdn.com/342/318b5b19dc6207bd3512e0d753f0c60b_320.mp4,251,2016,
EB492TD0,Don'u Don'u Don'u,Anirudh RavichanderSooraj SanthoshSrimathumitha,Maas,https://c.saavncdn.com/431/Maas-Telugu-2016-500x500.jpg,https://aac.saavncdn.com/431/4d7bac4c0de85481b0bc34e06b768c35_320.mp4,197,2016,
DYh1AFst,Bhairava Anthem (From &quot;Kalki 2898 Ad&quot;) (Telugu),Diljit DosanjhDeepak BlueSanthosh Narayanan,Bhairava Anthem (From &quot;Kalki 2898 Ad&quot;) (Telugu),https://c.saavncdn.com/509/Bhairava-Anthem-From-Kalki-2898-Ad-Telugu-Telugu-2024-20240616063600-500x500.jpg,https://cdn.pixabay.com/download/audio/2022/03/10/audio_5b667e5bb3.mp3?filename=electronic-future-beats-117997.mp3,163,2024,
9N5Wxv_C,Niluvaddham,KarthikSumangali,Nuvvostanante Nenoddantana,https://c.saavncdn.com/347/Nuvvostanante-Nenoddantana-Telugu-2014-20181121-500x500.jpg,https://aac.saavncdn.com/347/610bc51159754c00f0488fd61930b5be_320.mp4,357,2014,
o5zkli63,Pilla Padesaave,Yuvanshankar RajaHaricharan,Love Today (Telugu) (Original Motion Picture Soundtrack),https://c.saavncdn.com/323/Love-Today-Telugu-Original-Motion-Picture-Soundtrack-Telugu-2022-20221121125710-500x500.jpg,https://aac.saavncdn.com/323/db09bfc127fbbc59163b4c6bb6ad5c78_320.mp4,237,2022,
T3up1tDy,Oye Raju Kannullo,Vandemataram SrinivasUdit NarayanUsha,Aayudham,https://c.saavncdn.com/265/Aayudham-2003-500x500.jpg,https://aac.saavncdn.com/265/566aa67c7dd6bfb7619833cf8f08046e_320.mp4,255,2003,
YQsucjrt,Theme Of Kalki (From &quot;Kalki 2898 AD&quot;) (Telugu),Chandra BoseKala BhairavaAnanthuGowtham Bharadwaj,Theme Of Kalki (From &quot;Kalki 2898 AD&quot;) (Telugu),https://c.saavncdn.com/627/Theme-Of-Kalki-From-Kalki-2898-AD-Telugu-Telugu-2024-20240625103649-500x500.jpg,https://aac.saavncdn.com/627/73e910b9b763ffe8018948be6be5dca1_320.mp4,189,2024,
sNLzthyX,Choopultho Guchi,Shankar Mahadevan,Idiot,https://c.saavncdn.com/100/Idiot-Telugu-2002-20200616185725-500x500.jpg,https://aac.saavncdn.com/100/e9872c98bf8ca23be2ba347f3dff2b72_320.mp4,268,2002,
DIU1zeQb,Kannuladha - The Kiss Of Love,Anirudh RavichanderShruti HaasanDhanush,3 (Telugu),https://c.saavncdn.com/244/3-Telugu-2012-500x500.jpg,https://aac.saavncdn.com/244/c794365e881fa8d0a69aeeac9926ae75_320.mp4,207,2012,
#NAME?,Ivala,Mani SharmaKKSunitha,Chirutha,https://c.saavncdn.com/959/Chirutha-2007-500x500.jpg,https://cdn.pixabay.com/download/audio/2022/03/23/audio_07b2a04be3.mp3?filename=order-99518.mp3,270,2007,
RbbH_Jja,Hoyna Hoyna,Anirudh RavichanderInno Genga,Gang Leader,https://c.saavncdn.com/663/Gang-Leader-Telugu-2019-20190905102749-500x500.jpg,https://aac.saavncdn.com/663/0d8dcf191477a3eb2f56cf3d5ff5c8a9_320.mp4,276,2019,
CNi4GEJ7,Preminche Premava,A.R. RahmanShreya GhoshalNaresh Ayar,Nuvvu Nenu Prema,https://c.saavncdn.com/317/Nuvvu-Nenu-Prema-2006-500x500.jpg,https://aac.saavncdn.com/317/b2afb9325a75a2e318ef885f477bccbc_320.mp4,355,2006,
o3OcwOLA,So So Ga,Sid Sriram,Manchi Rojulochaie,https://c.saavncdn.com/910/Manchi-Rojulochaie-Telugu-2021-20211101222240-500x500.jpg,https://aac.saavncdn.com/910/574aa0ce879eac94294e2fb99cc37809_320.mp4,207,2021,
ifNnMONq,Tella Tellani Cheera,Mani SharmaUdit NarayanSujatha Mohan,Deviputrudu,https://c.saavncdn.com/145/Deviputrudu-2000-500x500.jpg,https://aac.saavncdn.com/049/fffe3c38f9871f67fdf395a165631cee_320.mp4,282,2000,
8OEhASSX,Amma Paata,Janhavi Yerram,Amma Paata,https://c.saavncdn.com/386/Amma-Paata-Telugu-2024-20240523132006-500x500.jpg,https://aac.saavncdn.com/386/a7dab0d6be64898439c2c8eeb834d35f_320.mp4,212,2024,
7u2YK08x,Oh Priya Priya,Anoop RubensAdnan SamiNithya Menen,Ishq,https://c.saavncdn.com/057/Ishq-Telugu-2012-500x500.jpg,https://aac.saavncdn.com/057/ea140e293aa00f3c78a71c5ed529d22c_320.mp4,261,2012,
059HTRVM,Manassa,Harris JayarajHaricharan,Munna,https://c.saavncdn.com/626/Munna-2000-500x500.jpg,https://aac.saavncdn.com/626/488e23d95413ff6fdeee8f382eaf6da6_320.mp4,351,2007,
y8KZ97V5,Priyathama Priyathama,Chinmayi Sripaada,Majili,https://c.saavncdn.com/405/Majili-Telugu-2019-20190323231520-500x500.jpg,https://aac.saavncdn.com/405/6ef201c7ca54a20387a77a03329e76df_320.mp4,245,2019,
8P-s6Od-,Andhaala Nadhive,B. Ajaneesh LoknathChinmayi SripadaHaricharan,Kantara (Original Motion Picture Soundtrack - Telugu),https://c.saavncdn.com/857/Kantara-Original-Motion-Picture-Soundtrack-Telugu-Telugu-2022-20230903203705-500x500.jpg,https://aac.saavncdn.com/857/359105a79133e14d0818e7447d597feb_320.mp4,281,2022,
IsD6Gim8,Cheppave Chirugali,Mani SharmaUdit NarayanSujatha Mohan,Okkadu,https://c.saavncdn.com/408/Okkadu-2000-500x500.jpg,https://aac.saavncdn.com/408/d5fadb97eff8b035a9885fe557cb6d26_320.mp4,332,2000,
rKeYAu4z,Mallieswarivey,Jassie Gift,Yuvasena,https://c.saavncdn.com/672/Yuvasena-2000-500x500.jpg,https://aac.saavncdn.com/672/4ce65a18cf55555c2aaa84ce091dfb46_320.mp4,271,2004,
n9QhuVJK,Oy..Oy,SiddharthPrasanthini,Oy!,https://c.saavncdn.com/769/Oy-2009-500x500.jpg,https://aac.saavncdn.com/769/f6cbde7e1f1db44cbd392fb7f6ebff66_320.mp4,283,2009,
Mm_PiKF2,Dheemthanana,Sid Sriram,Urvasivo Rakshasivo,https://c.saavncdn.com/000/Urvasivo-Rakshasivo-Telugu-2022-20221117231305-500x500.jpg,https://aac.saavncdn.com/000/88525e01f93c0dfddd34b87a52100445_320.mp4,219,2022,
#NAME?,Naa Chupe Ninu,KotiK. S. ChithraShreeram LagooPrabhu,Nuvvu Naaku Nachchav,https://c.saavncdn.com/315/Nuvvu-Naaku-Nachchav-2001-500x500.jpg,https://cdn.pixabay.com/download/audio/2022/05/27/audio_1808fbf07a.mp3?filename=music-112905.mp3,254,2001,
R2hfhU31,Proud'se Single,Nakash AzizBheems Ceciroleo,MAD,https://c.saavncdn.com/000/MAD-Telugu-2023-20231004152950-500x500.jpg,https://aac.saavncdn.com/000/62110b567a4bc1d36424a5271bac7596_320.mp4,196,2023,
1kmL_AVz,Neekosam Neekosam,S.P. BalasubrahmanyamK. S. Chithra,Preyasi Raave,https://c.saavncdn.com/229/Preyasi-Raave-Telugu-1999-20180702-500x500.jpg,https://aac.saavncdn.com/229/40035e27bcbd81cb9b31266f61a76ae1_320.mp4,326,1999,
_PC81vul,Hulala,Sweekar AgasthiSilvia AnishaPraveen Lakkaraju,Express Raja,https://c.saavncdn.com/842/Express-Raja-Telugu-2015-500x500.jpg,https://aac.saavncdn.com/842/6638dbcadb9bab0ef057a714b02a07c6_320.mp4,223,2015,
H6WVK96q,Manasu Maree,Amit TrivediShashaa TirupatiYazin Nizar,V,https://c.saavncdn.com/584/V-Telugu-2020-20200828173314-500x500.jpg,https://aac.saavncdn.com/584/3c1e1c8ea031e52ecc21730076698117_320.mp4,267,2020,
8Md53naR,Nee Kannu Neeli Samudram,Javed Ali,Uppena,https://c.saavncdn.com/587/Uppena-Telugu-2020-20210218155246-500x500.jpg,https://aac.saavncdn.com/587/31dcf48d7cf5fefe357f134760ba5402_320.mp4,312,2020,
gEu9K8Fl,Pushpa Pushpa (From &quot;Pushpa 2 The Rule&quot;) - Telugu,Nakash AzizDeepakDevi Sri PrasadChandrabose,Pushpa Pushpa (From &quot;Pushpa 2 The Rule&quot;) - Telugu,https://c.saavncdn.com/601/Pushpa-Pushpa-From-Pushpa-2-The-Rule-Telugu-Telugu-2024-20240501161044-500x500.jpg,https://aac.saavncdn.com/601/6925b52900fce1f23b9b8a3c373205b4_320.mp4,256,2024,
3xZG9VhM,Yemito,Haricharan,Andala Rakshasi,https://c.saavncdn.com/916/Andala-Rakshasi-Telugu-2012-500x500.jpg,https://cdn.pixabay.com/download/audio/2022/03/23/audio_07b2a04be3.mp3?filename=order-99518.mp3,269,2012,
c5jJL3zu,Cheliya Cheliya,Harris JayarajKKSuchitra,Gharshana (New),https://c.saavncdn.com/944/Gharshana-New-2004-500x500.jpg,https://aac.saavncdn.com/944/61d3d057df01ce508d334d3e9db8023e_320.mp4,321,2004,
0eqUIkMp,Uppenantha,Devi Sri PrasadKK,Aarya - 2,https://c.saavncdn.com/298/Aarya-2-Telugu-2009-20190822135933-500x500.jpg,https://aac.saavncdn.com/298/eb880c4cd78d1b29d128d430d4be0dcb_320.mp4,327,2009,
xG2lASvi,Ammaye,Mani SharmaUdit NarayanKavita Krishnamurthy,Kushi,https://c.saavncdn.com/470/Kushi-2001-500x500.jpg,https://aac.saavncdn.com/470/5c9480879b15327be696731ab9b78e21_320.mp4,292,2001,
vbfvwR6K,Oh Sita Hey Rama,Vishal ChandrashekharS.P. CharanRamya Behara,Sita Ramam (Telugu) (Original Motion Picture Soundtrack),https://c.saavncdn.com/041/Sita-Ramam-Telugu-Original-Motion-Picture-Soundtrack-Telugu-2022-20220802140738-500x500.jpg,https://aac.saavncdn.com/041/b23ca4567cf297346700b5135c0f0bfe_320.mp4,246,2022,
HhVqZlxu,Teliyade Teliyade,Sid SriramAditi Bhavaraju,Miles Of Love,https://c.saavncdn.com/000/Miles-Of-Love-Telugu-2020-20211030002701-500x500.jpg,https://aac.saavncdn.com/null/dc675f3f6c0acb6307b624acd15cdb51_320.mp4,245,2020,
EWdtn62A,Humma Humma,Ram Miriyala,Ooru Peru Bhairavakona,https://c.saavncdn.com/000/Ooru-Peru-Bhairavakona-Telugu-2023-20240215171825-500x500.jpg,https://aac.saavncdn.com/000/21fa3a016bcbda547843b02c392085ac_320.mp4,189,2023,
gZsIAUmO,Samajavaragamana - Male,Sid Sriram,Ala Vaikunthapurramuloo,https://c.saavncdn.com/517/Ala-Vaikunthapurramuloo-Telugu-2019-20200116144338-500x500.jpg,https://aac.saavncdn.com/517/339d76dce4db4f43f4721eec2d8f03ef_320.mp4,219,2019,
qZ2nvD5g,Bullettu Bandi,Mohana Bhogaraju,Bullettu Bandi,https://c.saavncdn.com/009/Bullettu-Bandi-Telugu-2021-20210327120013-500x500.jpg,https://aac.saavncdn.com/009/afc28d94bfee619e879a150d37a4ee52_320.mp4,282,2021,
8_Ys1u_U,Chirunama Thana Chirunama,Yazin NizarKareemulla,Ekkadiki Pothavu Chinnavada,https://c.saavncdn.com/534/Ekkadiki-Pothavu-Chinnavada1-Telugu-2016-500x500.jpg,https://aac.saavncdn.com/534/3767becdcfd586feae104725b14f028b_320.mp4,226,2016,
TfW0bbt7,Nee Yadalo Naaku,Yuvanshankar RajaSagar Desai,Awaara,https://c.saavncdn.com/612/Awaara-Telugu-2013-500x500.jpg,https://aac.saavncdn.com/612/4c38029f51d1900680c5cfcc0e099768_320.mp4,294,2010,
UBfWIaEr,Bujji Theme (From &quot;Kalki 2898 AD&quot;),Japhna GoldSanthosh NarayananPriya Ragu,Bujji Theme (From &quot;Kalki 2898 AD&quot;),https://c.saavncdn.com/301/Bujji-Theme-From-Kalki-2898-AD-Telugu-2024-20240603073649-500x500.jpg,https://aac.saavncdn.com/301/eb13bb7a77071efb95da9aa91f3f0057_320.mp4,46,2024,
hIMaVuLz,Inkem Inkem Inkem Kaavaale,Sid Sriram,Geetha Govindam,https://c.saavncdn.com/237/Geetha-Govindam-Telugu-2018-20180921-500x500.jpg,https://aac.saavncdn.com/237/7942edb73e64d4e35e488337e14753b7_320.mp4,266,2018,
nf7kvoQr,Sokuladi Sittammi,Sneha Katkuri,Sokuladi Sittammi,https://c.saavncdn.com/209/Sokuladi-Sittammi-Telugu-2024-20240209115442-500x500.jpg,https://aac.saavncdn.com/209/e8a124c8c0a2393ab398dbca9d90b82b_320.mp4,255,2024,
aGWYcS5p,Reddu Reddu,KotiK. S. ChithraS.P. Balasubrahmanyam,Alluda Mazaka,https://c.saavncdn.com/055/Alluda-Mazaka-2000-500x500.jpg,https://aac.saavncdn.com/055/334826997a213b390f4ff553ff26f6f0_320.mp4,274,2000,
yKiJjEWO,Ippatikinka,Mani SharmaSuchitraMuralidar,Pokiri,https://c.saavncdn.com/082/Pokiri-2006-500x500.jpg,https://aac.saavncdn.com/082/ca8e77eaf20c1b3695a6f7e956db754f_320.mp4,277,2006,
EX6JM7rQ,Prema O Premaa,Sid SriramHemambika,NGK (Telugu) (Original Motion Picture Soundtrack),https://c.saavncdn.com/538/NGK-Telugu--Telugu-2019-20190430104903-500x500.jpg,https://aac.saavncdn.com/538/7adfa2148e7de9cf227bc7ad6813cc46_320.mp4,270,2019,
3Pzypbvr,Mawaa Enthaina,Thaman SSri KrishnaRamachariRahul Sipligunj,Guntur Kaaram,https://c.saavncdn.com/000/Guntur-Kaaram-Telugu-2023-20240126145901-500x500.jpg,https://aac.saavncdn.com/000/b7ff00116f93467739164b39d1200783_320.mp4,151,2023,
P69gDMpy,Enniyallo,KotiK. S. ChithraS.P. Balasubrahmanyam,Abbaigari Pelli,https://c.saavncdn.com/321/Abbaigari-Pelli-2000-500x500.jpg,https://aac.saavncdn.com/321/49f031155e848051713e4b74926221ed_320.mp4,250,2000,
SJf5HEs4,Nuvvunte Naa Jathagaa,A.R. RahmanSid SriramIssrath Quadhri,I - Manoharudu (Original Motion Picture Soundtrack),https://c.saavncdn.com/364/I-Manoharudu-Telugu-2014-20190914115023-500x500.jpg,https://aac.saavncdn.com/364/a9b08c9e5b3dacc0e984ef8b3a7701a9_320.mp4,352,2014,
wI_6PzCY,Jennifer Lopez,Benny DayalPriya,Jalsa,https://c.saavncdn.com/903/Jalsa-2008-500x500.jpg,https://aac.saavncdn.com/903/58af92e42d759466f5dc729f30b1a3a9_320.mp4,259,2008,
EK81O10p,Manasa Palakave,S. P. BalasubrahmanyamK. S. Chithra,Subhakankshalu,https://c.saavncdn.com/161/Subhakankshalu-2003-500x500.jpg,https://aac.saavncdn.com/161/62bb5afb10f1ecb57ffe332d722eda2d_320.mp4,311,2003,
RGM_A92n,Tharagathi Gadhi,Kaala Bhairava,Colour Photo,https://c.saavncdn.com/null/Colour-Photo-Telugu-2020-20201118205906-500x500.jpg,https://aac.saavncdn.com/null/f131ae51093b978eadbc1b3c3716a8b7_320.mp4,213,2020,
CwB_FQDf,Priyathama,Sid Sriram,Kotha Kothaga,https://c.saavncdn.com/blob/499/Kotha-Kothaga-Telugu-2022-20220908132537-500x500.jpg,https://aac.saavncdn.com/490/01ea89f9d7094298c10e25dc9d0b3190_320.mp4,221,2022,
AHYwAzgt,My Heart,KK,Jalsa,https://c.saavncdn.com/903/Jalsa-2008-500x500.jpg,https://aac.saavncdn.com/903/0c47563636a8f6b978ec00babec476f5_320.mp4,299,2008,
DdaVkFDX,Beast Mode,Anirudh RavichanderSreerama Chandra,Beast,https://c.saavncdn.com/452/Beast-Telugu-2022-20220504193318-500x500.jpg,https://aac.saavncdn.com/452/f379ea4c34f05925c2831ec748ac4a98_320.mp4,220,2022,
YSmgtlDJ,Dole Dole,Mani SharmaRanjithSuchitra,Pokiri,https://c.saavncdn.com/082/Pokiri-2006-500x500.jpg,https://aac.saavncdn.com/082/dba6528dab7523374b774e915cd76781_320.mp4,282,2006,
fyqoozZh,Souraa,Anirudh RavichanderRitesh G RaoShruthika Samudhrala,Bharateeyudu 2 (Original Motion Picture Soundtrack),https://c.saavncdn.com/607/Bharateeyudu-2-Original-Motion-Picture-Soundtrack-Telugu-2024-20240611110157-500x500.jpg,https://aac.saavncdn.com/607/ddeb74b4635c8a9452cf1214c55f2740_320.mp4,252,2024,
JNsjO8ep,Rooba Rooba,Chinmayi SripadaShahil Hada,Orange,https://c.saavncdn.com/105/Orange-Telugu-2006-20210624180302-500x500.jpg,https://aac.saavncdn.com/105/6edae5a98216eef5d60968c44889884c_320.mp4,314,2010,
lL-diqUC,Ye Kannulu Chudani Chitrame,Sid Sriram,Ardhashathabdam,https://c.saavncdn.com/null/Ardhashathabdam-Telugu-2021-20210325224654-500x500.jpg,https://aac.saavncdn.com/null/65c2071f7e73f6e7065d18525655fe19_320.mp4,293,2021,
2S0Oj6QJ,The Karma Theme (Telugu (From &quot;U Turn&quot;)),Anirudh Ravichander,The Karma Theme (Telugu (From &quot;U Turn&quot;)),https://c.saavncdn.com/299/The-Karma-Theme-Telugu-From-U-Turn--Telugu-2018-20180903140721-500x500.jpg,https://aac.saavncdn.com/299/0ccea2dba528b724f8a311904ece7ec2_320.mp4,214,2018,
PzPWaJ-9,Dhoom Dhaam,Kasarla ShyamSanthosh NarayananRahul SipligunjGotte KanakavvaGannora Dasa LaxmiPalamuru JangireddyNarsanna (Nalgonda Gaddar),Dasara (Telugu),https://c.saavncdn.com/082/Dasara-Telugu-Telugu-2023-20230419173423-500x500.jpg,https://aac.saavncdn.com/082/828fffa35424cc4cddb590464ff6c38b_sar_320.mp4,242,2023,
2QkN1i_c,Ta Takkara (Complex Song) (From &quot;Kalki 2898 AD&quot;) (Telugu),Sanjith HegdeDheeSanthosh Narayanan,Ta Takkara (Complex Song) (From &quot;Kalki 2898 AD&quot;) (Telugu),https://c.saavncdn.com/718/Ta-Takkara-Complex-Song-From-Kalki-2898-AD-Telugu-Telugu-2024-20240628113630-500x500.jpg,https://aac.saavncdn.com/718/f37a708499761a8bfaafc9123292f941_320.mp4,207,2024,
FEkLm7Yl,Hey Manasendukila,Armaan MalikRamya Behara,Ichata Vahanumulu Niluparadu,https://c.saavncdn.com/000/Ichata-Vahanumulu-Niluparadu-Telugu-2021-20210820211922-500x500.jpg,https://aac.saavncdn.com/null/4933390e27c0284fdf728b31fee73543_320.mp4,256,2021,
hVFXQe9m,Jaragandi (From &quot;Game Changer&quot;) (Telugu),Thaman SDaler MehndiSunidhi Chauhan,Jaragandi (From &quot;Game Changer&quot;) (Telugu),https://c.saavncdn.com/368/Jaragandi-From-Game-Changer-Telugu-Telugu-2024-20240427083400-500x500.jpg,https://aac.saavncdn.com/368/a276c7cb3d914a2181e5bdd518db349f_320.mp4,260,2024,
f3HDgBaa,Oh My Baby,Thaman SShilpa Rao,Guntur Kaaram,https://c.saavncdn.com/000/Guntur-Kaaram-Telugu-2023-20240126145901-500x500.jpg,https://aac.saavncdn.com/000/e09fc83de210bede3df0a46f2f0b82c3_320.mp4,156,2023,
eyWGrZB0,Kastha Ninu,S. P. BalasubrahmanyamK. S. Chithra,Student No. 1,https://c.saavncdn.com/127/Student-No-1-2000-500x500.jpg,https://aac.saavncdn.com/127/a666403a1c3f0451e063c0f9cca9cc23_320.mp4,281,2000,
ITE4UZn9,My Love Is Gone,K.G. RanjithDevi Sri Prasad,Aarya - 2,https://c.saavncdn.com/298/Aarya-2-Telugu-2009-20190822135933-500x500.jpg,https://aac.saavncdn.com/298/cffe18ccd6a7e35518353cf497def5d4_320.mp4,289,2009,
i59AsjBh,Daakko Daakko Meka,Sivam,Pushpa - The Rise,https://c.saavncdn.com/blob/056/Pushpa-The-Rise-Telugu-2021-20211216115409-500x500.jpg,https://aac.saavncdn.com/000/8d8c5251c2e15454eec264e690f289d6_320.mp4,295,2021,
nhVmD3on,Naa Pranam,G.V. Prakash KumarVijay AnthonyChinmayi SripadaHaricharan,Shopping Mall,https://c.saavncdn.com/275/Shopping-Mall-2010-500x500.jpg,https://aac.saavncdn.com/275/b6f9720e8433ed876b9c12320352c179_320.mp4,365,2010,
cGHjIXLT,Listen To My Heart,Anuj GurwaraAnjana Sowmya,Prema Kavali,https://c.saavncdn.com/499/Prema-Kavali-2011-500x500.jpg,https://aac.saavncdn.com/499/5b89f2a52c41df37c7bb76a9943e84fa_320.mp4,253,2011,
AZ0AfMXi,Nammavemo,Mani SharmaSaketh,Parugu,https://c.saavncdn.com/489/Parugu-2008-500x500.jpg,https://aac.saavncdn.com/489/13a32b70acd27207912b2100e3e88718_320.mp4,287,2008,
lDnlQgKc,Priya Raagale,Raj-KotiK. S. ChithraS.P. Balasubrahmanyam,Hello Brother,https://c.saavncdn.com/814/Hello-Brother-2000-500x500.jpg,https://aac.saavncdn.com/814/d935f8487c84a01827c76a2db066ae68_320.mp4,366,1994,
riLg1ext,Karukkuchoopu Kurraada,D. ImmanVandana SrinivasanJithin RajJayamoorthy,Rayudu,https://c.saavncdn.com/318/Rayudu-Telugu-2016-500x500.jpg,https://aac.saavncdn.com/318/bc03a29cb839367922a3367b14db697a_320.mp4,290,2016,
pR0rJUAf,Ramana Aei,Mahesh BabuThaman SKanakavva,Guntur Kaaram,https://c.saavncdn.com/000/Guntur-Kaaram-Telugu-2023-20240126145901-500x500.jpg,https://aac.saavncdn.com/000/9c074d6dd7d4523677958dcdfd1a82d3_320.mp4,155,2023,
vOcTiLyC,Malli Malli,S.P. BalasubrahmanyamS. Janaki,Rakshasudu,https://c.saavncdn.com/375/Rakshasudu-Telugu-1986-20190121-500x500.jpg,https://aac.saavncdn.com/375/b11a168ea0ed0723343ade072db01908_320.mp4,270,1986,
ae17USCG,Mynaa Emynave,S.A. Raj KumarK. S. ChithraUnni Krishnan,Maa Annayya,https://c.saavncdn.com/441/Maa-Annayya-2000-500x500.jpg,https://aac.saavncdn.com/441/f70e7a0771f9a0ba9a736d396a256920_320.mp4,302,2000,
vqZv4HIL,Okey Oka Lokam,Sid Sriram,Sashi,https://c.saavncdn.com/null/Sashi-Telugu-2021-20210316203227-500x500.jpg,https://aac.saavncdn.com/null/7f8ec947c5ec37d88aefc0461b9e5e1f_320.mp4,208,2021,
88ZE7MZ8,Thelusa Manasa,S.P. BalasubrahmanyamK. S. Chithra,Criminal,https://c.saavncdn.com/770/Criminal-Telugu-1996-500x500.jpg,https://cdn.pixabay.com/download/audio/2022/01/18/audio_d0a13f69d2.mp3?filename=mountain-path-125573.mp3,373,1994,
wZs-V5a3,Nee Chitram Choosi,Anurag Kulkarni,Love Story,https://c.saavncdn.com/582/Love-Story-Telugu-2020-20210923220520-500x500.jpg,https://aac.saavncdn.com/582/4f1cc138c57cc46eb263688772f914ff_320.mp4,263,2020,
pI8m1Dbf,Chukkala Chunni,Anurag KulkarniChaitan Bharadwaj,SR Kalyanamandapam,https://c.saavncdn.com/109/SR-Kalyanamandapam-Telugu-2020-20220827081558-500x500.jpg,https://aac.saavncdn.com/109/fa6a02d13e1c09987f99007d35ef75ba_320.mp4,219,2020,
94kkz-1c,Luckkanna Mate Nillu,Anirudh RavichanderRevanth,Raghuvaran B.Tech,https://c.saavncdn.com/252/Raghuvaran-B-Tech-Telugu-2014-500x500.jpg,https://aac.saavncdn.com/252/d8d606f840981fc44ecb5b039fef8cbd_320.mp4,211,2014,
1UqsPO7u,Buttabomma,Armaan Malik,Ala Vaikunthapurramuloo,https://c.saavncdn.com/517/Ala-Vaikunthapurramuloo-Telugu-2019-20200116144338-500x500.jpg,https://aac.saavncdn.com/517/68cc88035f2fbcd5772e6551bf64c111_320.mp4,198,2019,
bDe5937D,Chitti Nadumune,Mani SharmaMallikarjunPremji Amaran,Gudumba Shankar,https://c.saavncdn.com/495/Gudumba-Shankar-2004-500x500.jpg,https://aac.saavncdn.com/495/4a04d3c1eb2ee63c61576935948df544_320.mp4,356,2004,
JlDYHtX2,Hungry Cheetah (From &quot;They Call Him OG&quot;),Thaman S,Hungry Cheetah (From &quot;They Call Him OG&quot;),https://c.saavncdn.com/989/Hungry-Cheetah-From-They-Call-Him-OG-Telugu-2023-20230903132606-500x500.jpg,https://aac.saavncdn.com/989/02a48e973456f8bf8ef48a45d9ded75e_320.mp4,119,2023,
lhuCtZMc,Naalo Chilipi Kala (Theme Song),Yazin Nizar,Lover,https://c.saavncdn.com/227/Lover-Telugu-2018-20180623-500x500.jpg,https://aac.saavncdn.com/227/0a6146a0f1a67cd17abfa490d5ed6fea_320.mp4,218,2018,
2YFiuv0q,Gajje Ghallumandiro,Raj-KotiK. S. ChithraS.P. Balasubrahmanyam,Bava Bavamaridhi,https://c.saavncdn.com/530/Bava-Bavamaridhi-2000-500x500.jpg,https://aac.saavncdn.com/530/5b944b963a31e84907c383c644bd65d8_320.mp4,332,2000,
dUjE55uT,Ma Gallilo Okkadu Poradu,Mounika Yadav,Ma Gallilo Okkadu Poradu,https://c.saavncdn.com/632/Ma-Gallilo-Okkadu-Poradu-Telugu-2022-20221116113503-500x500.jpg,https://aac.saavncdn.com/632/ebc085ab79ce45a83fa8087b050575e5_320.mp4,249,2022,
ecP8EX0Q,Sirivennela,Anurag Kulkarni,Shyam Singha Roy - Telugu,https://c.saavncdn.com/008/Shyam-Singha-Roy-Telugu-Telugu-2021-20220113123204-500x500.jpg,https://aac.saavncdn.com/008/663f6bb75d853aa700bffbebcb4e74fc_sar_320.mp4,253,2021,
SM8W-qjU,Chilaka,Vijai BulganinLakshmi Meghana,Chilaka,https://c.saavncdn.com/667/Chilaka-Telugu-2024-20240116133531-500x500.jpg,https://aac.saavncdn.com/667/787dd550244751f2332b4681dd219b46_320.mp4,366,2024,
rYwI6HGN,Srimathi Garu,G.V. Prakash KumarVishal MishraShweta Mohan,Lucky Baskhar,https://c.saavncdn.com/000/Lucky-Baskhar-Telugu-2024-20240619104957-500x500.jpg,https://aac.saavncdn.com/000/7a099626cd179f550cd5913ee910ad87_320.mp4,222,2024,
IawAmtuZ,Cheliya,Mani SharmaHariniJeans Srinivas,Kushi,https://c.saavncdn.com/470/Kushi-2001-500x500.jpg,https://aac.saavncdn.com/470/6ad7c9e997adc09fce8e019259a33394_320.mp4,341,2001,
foP6T2zm,Nemali Kulukula,P. UnnikrishnanShweta Mohan,Rangam,https://c.saavncdn.com/875/Rangam-2011-500x500.jpg,https://aac.saavncdn.com/875/bddaccb71ed3a3c6ec1dfe15af3ef8e7_320.mp4,345,2011,
pKOOLKht,Kannula Baasalu,Karthik,7/G Brundhavana Colony,https://c.saavncdn.com/412/7-G-Brundhavana-Colony-Telugu-2004-20190312191236-500x500.jpg,https://aac.saavncdn.com/412/132a105ec85dd0053ec3b26b987756b8_320.mp4,349,2004,
znXH60kT,Vastha Nee Venuka,A.R. RahmanHariniHariharan,Naani,https://c.saavncdn.com/470/Nani-2004-500x500.jpg,https://aac.saavncdn.com/470/831b26b459473071b951d2fa3003568f_320.mp4,334,2004,
WwPN7nVM,Nenu Nuvvantu,NadeeshNaresh IyerU.V. Jackey,Orange,https://c.saavncdn.com/105/Orange-Telugu-2006-20210624180302-500x500.jpg,https://aac.saavncdn.com/105/a24d2f0f3ab1547cc959b51ed6a9f48e_320.mp4,287,2010,
6kzxWMW2,Muvvala Navakala,Devi Sri PrasadK. S. ChithraS.P. Balasubrahmanyam,Pournamy,https://c.saavncdn.com/288/Pournamy-2000-500x500.jpg,https://aac.saavncdn.com/288/7df6e8e175fc619181726db3f7074cde_320.mp4,308,2000,
Lm4LYa7c,Undiporaadhey - Male Version,Sid Sriram,Hushaaru,https://c.saavncdn.com/307/Hushaaru-Telugu-2018-20190107131110-500x500.jpg,https://aac.saavncdn.com/307/71b2b46a77bd7b6462f62a63c6150f86_320.mp4,173,2018,
NjSMaBUW,Chal Chalo Chalo,Raghu DixitSooraj SanthoshRita Thyagarajan,S/O Satyamurthy,https://c.saavncdn.com/571/S-O-Satyamurthy-Telugu-2015-500x500.jpg,https://aac.saavncdn.com/571/005f47fd97f50fd10d025a284e21e7dd_320.mp4,310,2015,
h7ebOYdX,Radhe Govinda,Mani SharmaUdit NarayanK. S. Chithra,Indra,https://c.saavncdn.com/808/Indra-2002-500x500.jpg,https://aac.saavncdn.com/808/093570294bbe3e5db71fe907c9e80133_320.mp4,291,2002,
A-_BzwSw,Balapam Patti,IlaiyaraajaK. S. ChithraS.P. Balasubrahmanyam,Bobbili Raja,https://c.saavncdn.com/655/Bobbili-Raja-2000-500x500.jpg,https://aac.saavncdn.com/655/c5ec7dc96d6eadf7266a4f5bd9f89233_320.mp4,290,1990,
ISDdXTR2,Jala Jala Jalapaatham Nuvvu,Jaspreet JaszShreya Ghoshal,Uppena,https://c.saavncdn.com/587/Uppena-Telugu-2020-20210218155246-500x500.jpg,https://aac.saavncdn.com/587/a1893d7cea7d5a963c7f411af8e9bbcb_320.mp4,252,2020,
36rXVa5m,Yellae Lama,Harris JayarajVijay PrakashKarthikPop ShaliniRita Thyagarajan,7th Sense,https://c.saavncdn.com/362/7th-Sense-Telugu-2011-20190822153155-500x500.jpg,https://aac.saavncdn.com/362/a9699ca39e8cec8ed128a744e78c54aa_320.mp4,322,2011,
ivW9awpe,Madam Sir Madam Anthe (Original Motion Picture Soundtrack),Sid SriramKalyan NayakBhaskarabhatla,Madam Sir Madam Anthe,https://c.saavncdn.com/552/Madam-Sir-Madam-Anthe-Telugu-2024-20240416023541-500x500.jpg,https://aac.saavncdn.com/552/ec797408dd10b17a5a1b21aa6f5076f6_320.mp4,199,2024,
Lu6odEdC,Abbo Neeyamma,Mani SharmaKalpanaS.P. Balasubrahmanyam,Anji,https://c.saavncdn.com/687/Anji-2000-500x500.jpg,https://aac.saavncdn.com/687/2fb0558d4987fc9ac5151179d701049c_320.mp4,346,2000,
b26mOe_3,Yemunnave Pilla (From &quot;Nallamalla&quot;),Peddapalli Rohith (PR)Sid Sriram,Yemunnave Pilla (From &quot;Nallamalla&quot;),https://c.saavncdn.com/528/Yemunnave-Pilla-From-Nallamalla--Telugu-2021-20210208171126-500x500.jpg,https://cdn.pixabay.com/download/audio/2022/01/18/audio_d0a13f69d2.mp3?filename=mountain-path-125573.mp3,251,2021,
53uatBgG,Priyatama,IlaiyaraajaS. JanakiS.P. Balasubrahmanyam,Jagadekaveerudu Athiloka Sundari,https://c.saavncdn.com/414/Jagadekaveerudu-Athiloka-Sundari-2000-500x500.jpg,https://aac.saavncdn.com/414/b39e6de382cb4268779215ea38659b76_320.mp4,359,1990,
Y17cD45H,Naalo Unna Prema,Ramana GogulaK. S. ChithraS.P. Balasubrahmanyam,Premante Idera,https://c.saavncdn.com/521/Premante-Idera-1998-500x500.jpg,https://aac.saavncdn.com/521/8a71f30f0cd4b31165a10e56abab657e_320.mp4,283,1998,
IFMjxeIn,Na Roja Nuvve,Hesham Abdul Wahab,Kushi (Telugu),https://c.saavncdn.com/679/Kushi-Telugu-Telugu-2024-20240427063438-500x500.jpg,https://aac.saavncdn.com/679/26aefaaa62fc3425cf4d18bcf277fffc_320.mp4,242,2024,
1-73VuM4,Ammadu Appachi,Mani SharmaKalpanaS.P. Balasubrahmanyam,Indra,https://c.saavncdn.com/808/Indra-2002-500x500.jpg,https://aac.saavncdn.com/808/c8d770e8758ffb6482258618a1c61c98_320.mp4,285,2002,
aJrZwjc_,Vachindamma,Sid Sriram,Geetha Govindam,https://c.saavncdn.com/237/Geetha-Govindam-Telugu-2018-20180921-500x500.jpg,https://aac.saavncdn.com/237/a89c49ed5b6aba2a9e5678eef38b90ba_320.mp4,250,2018,
s3tixxFZ,Adaraku,Vishwa DeepakSuchithra,Athadu,https://c.saavncdn.com/373/Athadu-2000-500x500.jpg,https://aac.saavncdn.com/373/39576f23f4c02619c754f5561dae581d_320.mp4,298,2005,
EwX9JeyE,Bavalla Na Bavalla,Shirisha,Bavalla Na Bavalla,https://c.saavncdn.com/096/Bavalla-Na-Bavalla-Telugu-2021-20210501081826-500x500.jpg,https://aac.saavncdn.com/096/39bb46b23af6a5669665c99b5cd3582b_320.mp4,226,2021,
5BOGIeOw,Jabilamma Neeku Anta Kopama,S.A. Raj KumarS.P. Balasubrahmanyam,Pelli,https://c.saavncdn.com/783/Pelli-2000-500x500.jpg,https://aac.saavncdn.com/783/d13d55d4b82ca1d4a1abe837e8e470ee_320.mp4,233,2000,
mGfJJZC7,Aradhya,Hesham Abdul WahabSid SriramChinmayi Sripaada,Kushi (Telugu),https://c.saavncdn.com/679/Kushi-Telugu-Telugu-2024-20240427063438-500x500.jpg,https://aac.saavncdn.com/679/85bf5d4b59843045f816ac905fd97219_320.mp4,282,2024,
yslj--ew,Mutyala Dhaarani,Harris JayarajKarthikMegha,7th Sense,https://c.saavncdn.com/362/7th-Sense-Telugu-2011-20190822153155-500x500.jpg,https://aac.saavncdn.com/362/9f03dce0dcd676c59f039df594085077_320.mp4,373,2011,
mHVbHKV1,Crazy Feeling,Prudhvi ChandraDevi Sri Prasad,Nenu Sailaja,https://c.saavncdn.com/027/Nenu-Sailaja-Telugu-2015-500x500.jpg,https://aac.saavncdn.com/027/22c00a2f8d68946878fdb1f95ba656e2_320.mp4,209,2015,
H6rCFYql,Subhalekha,S.P. BalasubrahmanyamK. S. Chithra,Kondaveeti Donga,https://c.saavncdn.com/243/Kondaveeti-Donga-Telugu-1990-20180718-500x500.jpg,https://aac.saavncdn.com/243/dfb261380b50008a85c5145050020e1e_320.mp4,272,1990,
74R4MeGN,Allantha Doorala,Yuvan Shankar RajaS.P. Balasubrahmanyam,Aadavari Matalaku Ardhalu Veruley,https://c.saavncdn.com/483/Aadavari-Matalaku-Ardhalu-Veruley-2007-500x500.jpg,https://aac.saavncdn.com/483/3c96b533ef626347762d06d3a9f433c5_320.mp4,274,2007,
NCRg87a1,Evare,Vijay Yesudas,Premam,https://c.saavncdn.com/121/Premam2-Telugu-2016-500x500.jpg,https://aac.saavncdn.com/121/474e2fa83b583a9a4ccee850e0fd5bc1_320.mp4,309,2016,
Vc9gmsiG,Abbanee,IlaiyaraajaS.P. Balasubrahmanyam,Jagadekaveerudu Athiloka Sundari,https://c.saavncdn.com/414/Jagadekaveerudu-Athiloka-Sundari-2000-500x500.jpg,https://aac.saavncdn.com/414/9048d00e68a7e8f573ec72da23f93e17_320.mp4,295,1990,
nU984h6H,Leharaayi,Sid Sriram,Most Eligible Bachelor,https://c.saavncdn.com/586/Most-Eligible-Bachelor-Telugu-2020-20211011224715-500x500.jpg,https://aac.saavncdn.com/586/d3a214cf5006880a02711f6a50296528_320.mp4,245,2020,
1xj-eQct,Baguntundhi Nuvvu Navvithe,Sekhar ChandraSid SriramNutana Mohan,Atithi Devobhava (Original Motion Picture Soundtrack),https://c.saavncdn.com/257/Atithi-Devobhava-Original-Motion-Picture-Soundtrack--Telugu-2022-20220107133410-500x500.jpg,https://aac.saavncdn.com/257/a62e37bc8207cc11bc1c3850fc920807_320.mp4,222,2022,
QOaKBiVi,Oo Antava Oo Oo Antava,Indravathi Chauhan,Pushpa - The Rise,https://c.saavncdn.com/blob/056/Pushpa-The-Rise-Telugu-2021-20211216115409-500x500.jpg,https://aac.saavncdn.com/000/c9ec0ef49f6ae298fa57d09a7c852189_320.mp4,223,2021,
OT_catxH,Choosi Chudangane,Mahati Swara SagarAnurag Kulkarni,Chalo,https://c.saavncdn.com/931/Chalo-Telugu-2017-20180125-500x500.jpg,https://aac.saavncdn.com/931/aeb63336166a092f8cea3ea51fdc2eb2_320.mp4,202,2017,
FqG3UepW,Oorugalle,KarthikN.C. KarunyaHariniMalathi,Sainikudu,https://c.saavncdn.com/397/Sainikudu-Telugu-2006-20190225-500x500.jpg,https://aac.saavncdn.com/397/a452d3df6c1b3852a3ecf77404634347_320.mp4,342,2006,
ZgI_A-gp,Choododhu,Mani SharmaKarthikMaha Lakshmi,Pokiri,https://c.saavncdn.com/082/Pokiri-2006-500x500.jpg,https://aac.saavncdn.com/082/6fd18ef4641dd229306e240265d80ad8_320.mp4,303,2006,
ROXR072o,Andhama Andhama,S.P. BalasubrahmanyamK. S. Chithra,Govinda Govinda,https://c.saavncdn.com/429/Govinda-Govinda-Telugu-1994-20200331100302-500x500.jpg,https://aac.saavncdn.com/429/00256473ba3d93d7087d9e7c788e9042_320.mp4,321,1994,
4r-wShBa,Srivalli,Sid Sriram,Pushpa - The Rise,https://c.saavncdn.com/blob/056/Pushpa-The-Rise-Telugu-2021-20211216115409-500x500.jpg,https://aac.saavncdn.com/000/05c5d77f6a8225d6667cf7a1fcaf37d8_320.mp4,221,2021,
19Oh0lHj,Choosale Kallaraa,Sid SriramChaitan Bharadwaj,SR Kalyanamandapam,https://c.saavncdn.com/109/SR-Kalyanamandapam-Telugu-2020-20220827081558-500x500.jpg,https://aac.saavncdn.com/109/819d63414fa121d9ce1f708aedb1600f_320.mp4,223,2020,
BYjze9DT,Bunny Bunny,Devi Sri PrasadMuraliSrilekha Parthasarathy,Bunny,https://c.saavncdn.com/017/Bunny-2005-500x500.jpg,https://aac.saavncdn.com/017/d16fe4fb72a3fe2447883ce1230f0667_320.mp4,288,2005,
yhAFv9Cs,Idhedho Bagundhe,Devi Sri PrasadVijay PrakashAnitha Karthikeyan,Mirchi,https://c.saavncdn.com/500/Mirchi-2013-500x500.jpg,https://aac.saavncdn.com/500/3795e10f3d59fe4671deee95a6b04258_320.mp4,256,2013,
9y-6rv43,Mella Mellagaa,Sid SriramAditi Bhavaraju,ABCD - American Born Confused Desi,https://c.saavncdn.com/209/ABCD-American-Born-Confused-Desi-Telugu-2019-20191031231715-500x500.jpg,https://cdn.pixabay.com/download/audio/2022/01/18/audio_d0a13f69d2.mp3?filename=mountain-path-125573.mp3,243,2019,
V_fSdi2a,Dhruva Dhruva,Amit Mishra,Dhruva,https://c.saavncdn.com/889/Dhruva-Telugu-2016-500x500.jpg,https://aac.saavncdn.com/889/46c06f4d0f884f989760a4d79e037eeb_320.mp4,207,2016,
e6rYtin7,Andala Ada Bomma,Mani SharmaUdit NarayanSujatha Mohan,Samarasimha Reddy,https://c.saavncdn.com/550/Samarasimha-Reddy-2000-500x500.jpg,https://aac.saavncdn.com/550/56a0710da3daf5e0007118fa0e2e1cb7_320.mp4,284,2000,
0kVHmglE,Waiting For You,KK,Oy!,https://c.saavncdn.com/769/Oy-2009-500x500.jpg,https://aac.saavncdn.com/769/656d83b0fd1ce637b77a56ec6b34358a_320.mp4,355,2009,
UgCJiR6u,Aunty Koothura,S.P. BalasubrahmanyamK. S. Chithra,Bavagaru Bagunnara,https://c.saavncdn.com/223/Bavagaru-Bagunnara-Telugu-1998-20180619-500x500.jpg,https://aac.saavncdn.com/223/cf2e0b4a6180ad0b5f1a4af956979824_320.mp4,354,1998,
2eRgS8dv,Bussekki Vastavo,M. M. KeeravaniK. S. ChithraS.P. Balasubrahmanyam,Seethaiah,https://c.saavncdn.com/423/Seethaiah-2003-500x500.jpg,https://aac.saavncdn.com/423/565fa04231e48fea0243e04bea037c3f_320.mp4,296,2003,
ofEq44fr,Nelluri Nerajana,A.R. RahmanMahalakshmi IyerHariharan,Oke Okkadu,https://c.saavncdn.com/406/Oke-Okkadu-1999-500x500.jpg,https://aac.saavncdn.com/406/6945f38c23df23ac8346ce2941aa5d9b_320.mp4,405,1999,
I5SpQ30O,Kondakaki,Harris JayarajKKSujatha MohanJessi Gift,Aparichithudu,https://c.saavncdn.com/951/Aparichithudu-2005-500x500.jpg,https://aac.saavncdn.com/951/799d9fa041e7e58bf63290524bcb6cea_320.mp4,337,2005,
KTxkVwWk,Urike Urike,M.M. SreelekhaSid SriramRamya Behara,Urike Urike (From &quot;Hit 2&quot;),https://c.saavncdn.com/088/Urike-Urike-From-Hit-2-Telugu-2022-20221109104107-500x500.jpg,https://aac.saavncdn.com/088/c55df5f8dc78a21c0541ca8962d8e5be_sar_320.mp4,275,2022,
a38qXlbG,Rose Rose Rose,S.P. BalasubrahmanyamK. S. Chithra,Allari Priyudu,https://c.saavncdn.com/671/Allari-Priyudu-Telugu-1994-500x500.jpg,https://cdn.pixabay.com/download/audio/2022/03/15/audio_c8c8a73467.mp3?filename=fun-life-112188.mp3,316,1994,
qu6Qxjbo,Violin Song,Devi Sri PrasadDavid SimonAnitha Karthikeyan,Iddarammayilatho,https://c.saavncdn.com/514/Idharammayilatho-2013-500x500.jpg,https://aac.saavncdn.com/514/fd8d4dbdecb52b7634692291ddae2668_320.mp4,264,2013,
Y6V5XCeI,Kammani,IlaiyaraajaKamal HaasanS.P. Sailaja,Guna,https://c.saavncdn.com/238/ART-00212-500x500.jpg,https://aac.saavncdn.com/237/5af8768501ba9691b60505ef75238e9e_320.mp4,333,1992,
Ew5-kE8q,Neeve,G.V. Prakash Kumar,Darling,https://c.saavncdn.com/216/Darling-Telugu-2010-20190914120044-500x500.jpg,https://aac.saavncdn.com/216/478c0d32b45e3c63980b340e4321441b_320.mp4,281,2010,
o9su8Mt4,Manmadha,K. S. Chithra,Manmadha,https://c.saavncdn.com/244/Manmadha-Telugu-2005-20180718-500x500.jpg,https://aac.saavncdn.com/244/666217d0b60d7e329340d745d111aa65_320.mp4,269,2005,
SyzU6jZr,Priya Mahasaya,KotiS.P. BalasubrahmanyamK. S. Chithra,Vamsaniki Okkadu,https://c.saavncdn.com/157/Vamsaniki-Okkadu-2000-500x500.jpg,https://aac.saavncdn.com/157/7fe8c4cd48e75f63f91345d4c42e7616_320.mp4,293,2000,
WrGU-iqE,Ramuloo Ramulaa,Anurag KulkarniMangli,Ala Vaikunthapurramuloo,https://c.saavncdn.com/517/Ala-Vaikunthapurramuloo-Telugu-2019-20200116144338-500x500.jpg,https://aac.saavncdn.com/517/5702757c42c1ad44b3224a339817c8b0_320.mp4,245,2019,
RPZmTTQM,Kila Kila Navve,S. P. BalasubrahmanyamK. S. Chithra,Suryavamsam,https://c.saavncdn.com/588/Suryavamsham-2003-500x500.jpg,https://aac.saavncdn.com/588/187b47f91b26f79430fabfffa8504595_320.mp4,284,2003,
NSu8T3q3,Arere Vaanaa,Yuvanshankar RajaRahul NambiarSaindhavi,Awaara,https://c.saavncdn.com/612/Awaara-Telugu-2013-500x500.jpg,https://aac.saavncdn.com/612/f532b3ded159431e57211cdd5d2c1669_320.mp4,268,2010,
_21camG5,Prema Prema,S.P. BalasubrahmanyamO.S. Arun,Prema Desam,https://c.saavncdn.com/211/Prema-Desam-Telugu-1996-20180518-500x500.jpg,https://aac.saavncdn.com/211/d220db287ec453c48c5681bce8b548a6_320.mp4,340,1996,
ZxO2YRsC,Ababba Iddu,Mani SharmaS.P. BalasubrahmanyamSujatha Mohan,Choodalani Undi,https://c.saavncdn.com/039/Choodalani-Undi-2000-500x500.jpg,https://aac.saavncdn.com/039/c5488653d3accc6ad7dc093dce16f782_320.mp4,299,2000,
M9UfGuiK,Kotha Kothaga,S.P. BalasubrahmanyamK. S. Chithra,Coolie No. 1,https://c.saavncdn.com/null/Coolie-No-1-Telugu-1991-20210107202840-500x500.jpg,https://aac.saavncdn.com/null/25cb2ab6e4c03f81d580eef4379ca345_320.mp4,278,1991,
OJ4XUpKP,Chilipiga,Karthik,Orange,https://c.saavncdn.com/105/Orange-Telugu-2006-20210624180302-500x500.jpg,https://aac.saavncdn.com/105/db53cf3a0a9a04a21758ff12f5330eca_320.mp4,328,2010,
SbZLyo0p,Gurthu Kochi Naapudala,Ramu,Love Failure,https://c.saavncdn.com/556/Love-Failure-Telugu-2019-20190320192408-500x500.jpg,https://cdn.pixabay.com/download/audio/2022/03/23/audio_07b2a04be3.mp3?filename=order-99518.mp3,288,2019,
AphaAeSv,Nandamoori Nayaka,Mani SharmaK. S. ChithraS.P. Balasubrahmanyam,Samarasimha Reddy,https://c.saavncdn.com/550/Samarasimha-Reddy-2000-500x500.jpg,https://aac.saavncdn.com/550/192ef940c712b9e27b7ef733a0e6aa47_320.mp4,311,2000,
bG2cqN_x,Asale Pilla,Harris JayarajKarthikHariniBenny Dayal,Ghatikudu,https://c.saavncdn.com/636/Ghatikudu-Telugu-2012-500x500.jpg,https://aac.saavncdn.com/636/d7ccb629e80f31259141e3b5aff2de70_320.mp4,320,2009,
gL08p0Ho,Yedhalo Oka Mounam - The Innocence Of Love,Anirudh RavichanderAjesh,3 (Telugu),https://c.saavncdn.com/244/3-Telugu-2012-500x500.jpg,https://aac.saavncdn.com/244/f2c73b3747f76c0b499bf0a9067468fc_320.mp4,193,2012,
3yX1lcLJ,Nuvvunte,SagarSumangali,Aarya,https://c.saavncdn.com/044/Aarya-2004-500x500.jpg,https://aac.saavncdn.com/044/08ab7e122921e63263ded2824e7f7914_320.mp4,313,2004,
cdUOqj7W,Cheppamma,Mani SharmaK. S. Chithra,Murari,https://c.saavncdn.com/678/Murari-2000-500x500.jpg,https://aac.saavncdn.com/678/c86c472c57b43f311c9ab2718e9341e2_320.mp4,289,2000,
kK2eLtbY,Naa Kanulu Yepudu,Sid Sriram,Rang De,https://c.saavncdn.com/null/Rang-De-Telugu-2020-20210322181921-500x500.jpg,https://aac.saavncdn.com/null/b22e1a49f9cd22fa0d0b45a36e093292_320.mp4,249,2020,
yqLYRmy5,Eyy Bidda Idhi Naa Adda,Nakash Aziz,Pushpa - The Rise,https://c.saavncdn.com/blob/056/Pushpa-The-Rise-Telugu-2021-20211216115409-500x500.jpg,https://aac.saavncdn.com/000/fd7da4f6d500d6d1518d3abddfe32039_320.mp4,236,2021,
X8NrLgN1,Nuvvasthanante,Devi Sri PrasadK. S. ChithraRaqueeb Alam,Varsham,https://c.saavncdn.com/449/Varsham-2003-500x500.jpg,https://aac.saavncdn.com/449/4310b826ab7ec53b3786db82e1e5c659_320.mp4,333,2003,
zZ06yNQE,Chiluka Kshemama,Bappi Lahiri,Telugu Romantic Film Hits,https://c.saavncdn.com/873/Telugu-Romantic-Film-Hits-Telugu-2015-500x500.jpg,https://cdn.pixabay.com/download/audio/2022/05/27/audio_1808fbf07a.mp3?filename=music-112905.mp3,332,2015,
xtl25v8h,Vayasa Chusuko,Ramana GogulaK. S. ChithraS.P. Balasubrahmanyam,Premante Idera,https://c.saavncdn.com/521/Premante-Idera-1998-500x500.jpg,https://aac.saavncdn.com/521/9866ab56dfc50a6896daa5832bc06eb5_320.mp4,300,1998,
zBGEeRoH,Naaloney Pongaynu,Harish RaghavendraHarris JayarajV.V. PrassannaDevan Ekambaram,Surya S/o Krishnan,https://c.saavncdn.com/182/Surya-S-o-Krishnan-Telugu-2008-20190822124405-500x500.jpg,https://aac.saavncdn.com/182/226e3f716534b29983adfebddc35aa31_320.mp4,369,2008,
klQtth9Y,Halamithi Habibo,Anirudh RavichanderJonita Gandhi,Beast,https://c.saavncdn.com/452/Beast-Telugu-2022-20220504193318-500x500.jpg,https://aac.saavncdn.com/452/59ccb79c00c58a64ba74495045901025_320.mp4,279,2022,
uKQpSw_8,Hello Rammante,Vijay PrakashDevan EkambaramD. Burns,Orange,https://c.saavncdn.com/105/Orange-Telugu-2006-20210624180302-500x500.jpg,https://aac.saavncdn.com/105/761b27ea7e9223fcdb461de32f6e6ffa_320.mp4,281,2010,
4DkLXsxo,Hai Rama,HariharanSwarnalatha,Rangeli,https://c.saavncdn.com/219/Rangeli-Telugu-1995-20180605-500x500.jpg,https://aac.saavncdn.com/219/ce8544562b365b73055f10cd89926639_320.mp4,409,1995,
CEdaSrcq,Amma Song,Thaman SVishal Mishra,Guntur Kaaram,https://c.saavncdn.com/000/Guntur-Kaaram-Telugu-2023-20240126145901-500x500.jpg,https://aac.saavncdn.com/000/6f3086fb8689e59be04f17dcc4b423be_320.mp4,242,2023,
74MGjpLU,Enno Ratrulosthayi Gani,IlaiyaraajaS.P. BalasubrahmanyamK. S. Chithra,Dharma Kshetram,https://c.saavncdn.com/116/Dharmakshetram-1992-500x500.jpg,https://aac.saavncdn.com/116/7e7fa1b2f29ca11c0aadf83cdafca510_320.mp4,302,1992,
alGsIgfi,Dekho Dekho Gabbar Singh,Devi Sri PrasadBaba SehgalNaveen Madhav,Gabbar Singh,https://c.saavncdn.com/450/Gabbar-Singh-2012-500x500.jpg,https://aac.saavncdn.com/450/96ac7cf24572084a688f1e2a8865fe13_320.mp4,261,2012,
My2ujToO,Telusa Nesthama,HariharanK. S. ChithraS.A. Rajkumar,Simharasi,https://c.saavncdn.com/892/Simharasi-2001-500x500.jpg,https://aac.saavncdn.com/892/dbf2516ab28e2cc9aab2da88f9c05a03_320.mp4,299,2001,
OJjZOTOz,Top Lesi Poddi,Devi Sri PrasadSagarGeetha Madhuri,Iddarammayilatho,https://c.saavncdn.com/514/Idharammayilatho-2013-500x500.jpg,https://aac.saavncdn.com/514/fe66691dec3c9f0660c14073878e779a_320.mp4,259,2013,
3hkGU6Bc,Karige Loga,Devi Sri PrasadKunal GanjawalaMegha,Aarya - 2,https://c.saavncdn.com/298/Aarya-2-Telugu-2009-20190822135933-500x500.jpg,https://aac.saavncdn.com/298/019372208b7876a707deaa65f3715aa7_320.mp4,365,2009,
vsZNsqTY,Ra Ra Reddy I Am Ready,Lipsika BhashyamAditya Iyengar,Macherla Niyojakavargam,https://c.saavncdn.com/000/Macherla-Niyojakavargam-Telugu-2022-20220817173524-500x500.jpg,https://aac.saavncdn.com/000/a407b795e86530879448dc82dae15b6a_320.mp4,260,2022,
0ZK6PqCS,Asha Pasham,Anurag KulkarniSweekar AgasthiDamini Bhatla,Care Of Kancharapalem,https://c.saavncdn.com/264/Care-Of-Kancharapalem-Telugu-2018-20180905-500x500.jpg,https://aac.saavncdn.com/264/8c36f87d6436f19311cff9d649bee94b_320.mp4,260,2018,
jYHV2Shq,Ninne Ninne,ChakriKousalya,Desamuduru,https://c.saavncdn.com/756/Desamuduru-Telugu-2006-20180406-500x500.jpg,https://aac.saavncdn.com/756/e2ccad25fe747dc299ff2c6dbe6997aa_320.mp4,277,2006,
Nu74BD__,Seenayya,Suresh BanisettiAditi BhavarajuRR Dhruvan,Seenayya,https://c.saavncdn.com/959/Seenayya-Telugu-2024-20240429133827-500x500.jpg,https://aac.saavncdn.com/959/9f1a20daa0f09a30e812a21ef0c0e31f_320.mp4,199,2024,
zlj3uHto,Krishna Trance,Kaala Bhairava,Karthikeya 2,https://c.saavncdn.com/506/Karthikeya-2-Telugu-2022-20220901111424-500x500.jpg,https://aac.saavncdn.com/506/d4335848e9210d9c534e9d4561d0ba2a_320.mp4,171,2022,
3c-Mne-5,Telisiney Na Nuvvey,Revanth,Arjun Reddy,https://c.saavncdn.com/630/Arjun-Reddy-Telugu-2017-20200817233242-500x500.jpg,https://aac.saavncdn.com/630/7655fe13643d8f86292c36aa2c2d3898_320.mp4,252,2017,
MiOQrnj0,Hrudayama,Sid Sriram,Major - Telugu,https://c.saavncdn.com/984/Major-Telugu-Telugu-2022-20220606095932-500x500.jpg,https://aac.saavncdn.com/910/68a9bfa69e8629cb3a2349e4f1958b12_320.mp4,214,2022,
8LuebslM,Gaali Vaaluga,Anirudh Ravichander,Agnyaathavaasi,https://c.saavncdn.com/385/Agnyaathavaasi-Telugu-2017-20180102061403-500x500.jpg,https://aac.saavncdn.com/243/3275e815673ba51aefd34100830875fc_320.mp4,258,2017,
_XuJ6OUu,Lingi Lingi Lingidi,Relare Rela Raghu,Kotabommali P.S,https://c.saavncdn.com/110/Kotabommali-P-S-Telugu-2023-20231119170226-500x500.jpg,https://aac.saavncdn.com/110/b276ccab79d31749b29f3f7cd061143a_320.mp4,229,2023,
OBGKWeXP,Salaam Rocky Bhai,Vijay PrakashShri KrishnaLokeshwarArunAditya IyengarGantaSanthoshMohanH. S. Srinivasa Murthy,KGF Chapter 1,https://c.saavncdn.com/402/KGF-Chapter-1-Telugu-2018-20190318131410-500x500.jpg,https://cdn.pixabay.com/download/audio/2022/03/15/audio_c8c8a73467.mp3?filename=fun-life-112188.mp3,245,2018,
WvS5qy1u,Badhulu Thochanai,Devi Sri PrasadKarthikMallikarjun,Mr. Perfect,https://c.saavncdn.com/358/Mr-Perfect-2011-500x500.jpg,https://aac.saavncdn.com/358/92bbbbd81f22a47754d814f3f612d01a_320.mp4,252,2011,
5jKLIndb,Panjaa,Yuvan Shankar Raja,Panjaa,https://c.saavncdn.com/209/Panjaa-2011-500x500.jpg,https://aac.saavncdn.com/209/524b90f871cddbf23dac576827e04192_320.mp4,215,2011,
IyXC_i9k,Nee Paata Madhuram - The Touch Of Love,Anirudh RavichanderShreya GhoshalRoopkumar Rathod,3 (Telugu),https://c.saavncdn.com/244/3-Telugu-2012-500x500.jpg,https://aac.saavncdn.com/244/df58b6beb9954a7f9cde883e97ab690f_320.mp4,264,2012,
yddH7PTv,Ninnu Chuse Anandamlo,Anirudh RavichanderSid Sriram,Gang Leader,https://c.saavncdn.com/663/Gang-Leader-Telugu-2019-20190905102749-500x500.jpg,https://aac.saavncdn.com/663/5d1b213bd6651e80da2cd467d4da319e_320.mp4,293,2019,
QvefEcFv,Kushi Title Song,Hesham Abdul Wahab,Kushi (Telugu),https://c.saavncdn.com/679/Kushi-Telugu-Telugu-2024-20240427063438-500x500.jpg,https://aac.saavncdn.com/679/e1674fc55b10e41fb0c3289a8cfd3d27_320.mp4,210,2024,
s969Twv0,Priya Priyathama,ManoK. S. Chithra,Killer,https://c.saavncdn.com/407/Killer-Telugu-1991-20190310122737-500x500.jpg,https://aac.saavncdn.com/407/c242545eebc799aa93aa767ec3948c81_320.mp4,311,1991,
P1MbkKLf,Selayeru Paduthunte,Djshiva VangoorSrinidhi Nerella,Selayeru Paduthunte,https://c.saavncdn.com/636/Selayeru-Paduthunte-Telugu-2022-20230116121623-500x500.jpg,https://aac.saavncdn.com/636/4284c4337c0077af07932fdda9a083c7_320.mp4,295,2022,
Nq5jLMj8,Aanandam Madike,Sid SriramSatya Yamini,Ishq - Not A Love Story,https://c.saavncdn.com/blob/605/Ishq-Not-A-Love-Story-Telugu-2021-20220201143252-500x500.jpg,https://aac.saavncdn.com/null/90b2754df8ae6314c055d4fff72e926b_320.mp4,218,2021,
mXhwLwHw,Ringa Ringa,Devi Sri PrasadPriya Hemesh,Aarya - 2,https://c.saavncdn.com/298/Aarya-2-Telugu-2009-20190822135933-500x500.jpg,https://aac.saavncdn.com/298/f5f60a9cd1bb19c0a71bc09e73d4f696_320.mp4,333,2009,
iB4XoM0g,Silakemo,Sriram ParthasarathyMalathi,Venky,https://c.saavncdn.com/955/Venky-Telugu-2004-20220222192318-500x500.jpg,https://aac.saavncdn.com/955/85cbd4640ae6e342e54f9edf38e0eb1e_320.mp4,283,2004,
kyeIEgCR,Edo Oka Raagam,S.A. Raj KumarK. S. Chithra,Raja,https://c.saavncdn.com/358/Raja-2000-500x500.jpg,https://aac.saavncdn.com/358/84c9ad6cf392e1281a9f0a13b1dba320_320.mp4,299,2000,
ztKrLcYk,Akasam Ammayaithe,Devi Sri PrasadShankar MahadevanGopika Poornima,Gabbar Singh,https://c.saavncdn.com/450/Gabbar-Singh-2012-500x500.jpg,https://aac.saavncdn.com/450/d2030ff69a51e8f56154096b43723361_320.mp4,292,2012,
1OTiyFsv,Gum Gumainchu,ManoK. S. ChithraRaj-Koti,Kodama Simham,https://c.saavncdn.com/245/Kodama-Simham-Telugu-1990-500x500.jpg,https://aac.saavncdn.com/245/c72535a1746e3664c2455fcf5c1e839d_320.mp4,298,1990,
i8WsgLCW,Aha Allari,Devi Sri PrasadK. S. ChithraRaqueeb Alam,Khadgam,https://c.saavncdn.com/431/Khadgam-2002-500x500.jpg,https://aac.saavncdn.com/431/8178c018169ac923ed1292b81d93df7f_320.mp4,256,2002,
_3tqyHEE,Shiva Shiva Shankara,Devi Sri PrasadShankar Mahadevan,Damarukam,https://c.saavncdn.com/865/Damarukam-2012-500x500.jpg,https://aac.saavncdn.com/865/dd682539407f43480ef74ad57929b31a_320.mp4,295,2012,
4GgSaM8h,Bhrammurarisurarchitha Lingam,Ramu Chanchal,Shiva Sthuthi And Vishnu,https://c.saavncdn.com/789/Shiva-Sthuthi-And-Vishnu-2008-500x500.jpg,https://cdn.pixabay.com/download/audio/2022/02/07/audio_13f9618d7f.mp3?filename=whip-110235.mp3,200,2008,
iFITXQNz,Bagundalamma,Katike Ramu,Bagundalamma,https://c.saavncdn.com/298/Bagundalamma-Telugu-2022-20220207144632-500x500.jpg,https://aac.saavncdn.com/298/03f85b01bad5548642265150aa53d642_320.mp4,268,2022,
fY9ZUpWS,Netho Cheppana,S. P. BalasubrahmanyamK. S. Chithra,Athadu,https://c.saavncdn.com/373/Athadu-2000-500x500.jpg,https://aac.saavncdn.com/373/c42933f8c44b9d4ca79e325a0fea7be5_320.mp4,273,2005,
R3R9_0Yf,Ooru Palletooru,Mangli SatyavathiBheems CeciroleoRam Miriyala,Balagam,https://c.saavncdn.com/000/Balagam-Telugu-2023-20230304184334-500x500.jpg,https://aac.saavncdn.com/000/2b768ef9928cdc7dc77c032227082576_320.mp4,247,2023,
e4Jp3lWy,Gelupu Thalupule,Mani SharmaSreerama Chandra,Teenmaar,https://c.saavncdn.com/003/Teenmaar-2011-500x500.jpg,https://aac.saavncdn.com/003/22572d60ad87b81fdd1d6e64f66c3790_320.mp4,318,2011,
1V7mbyTn,Gundu Sudhi,M. M. KeeravaniSunitha,Chatrapathi,https://c.saavncdn.com/653/Chatrapathi-2000-500x500.jpg,https://aac.saavncdn.com/653/25b35096c9570c45e4421bf966478c72_320.mp4,257,2000,
XFJLA0C3,DJ Tillu Revamp,Ram Miriyala,Tillu Square,https://c.saavncdn.com/000/Tillu-Square-Telugu-2023-20240405190047-500x500.jpg,https://aac.saavncdn.com/000/ae5bfcea90a919c34ec353be5eb8b598_320.mp4,195,2023,
E6UTi6g9,Sir Osthara,Thaman SSuchitra,Businessman,https://c.saavncdn.com/033/Businessman-Telugu-2011-500x500.jpg,https://aac.saavncdn.com/033/962a6cc95066c597e9a4537620babfbd_320.mp4,232,2011,
qNuCfvxU,Vellipomaakey,Sid SriramAaryan Dinesh Kanagaratnam (ADK),Saahasam Swaasaga Saagipo,https://c.saavncdn.com/996/Saahasam-Swaasaga-Saagipo-Telugu-2016-500x500.jpg,https://aac.saavncdn.com/996/faa0af380cc951396bd0b7acdb2b94d6_320.mp4,261,2016,
oq6ZyRJU,Pachchadanamey,A.R. Rahman,Sakhi,https://c.saavncdn.com/586/Sakhi-Telugu-2000-500x500.jpg,https://aac.saavncdn.com/586/a2ac4278aa716ed9af52b2df243a1159_320.mp4,361,2000,
H1TgDy98,Pedavi Datani,Sunitha UpadrastaRamana Gogula,Thammudu,https://c.saavncdn.com/399/Thammudu-2000-500x500.jpg,https://aac.saavncdn.com/399/c18b764c5894acda636bae8741756321_320.mp4,277,2000,
aUPAc-yk,Singarala,IlaiyaraajaS.P. BalasubrahmanyamK.J. Yesudas,Dalapathi,https://c.saavncdn.com/238/ART-00213-500x500.jpg,https://aac.saavncdn.com/238/d8059d61e600ce00a3f86cfa7b4062bb_320.mp4,329,1992,
ZcpmPz2V,Kalaavathi,Sid Sriram,Sarkaru Vaari Paata,https://c.saavncdn.com/250/Sarkaru-Vaari-Paata-Telugu-2022-20220704160854-500x500.jpg,https://aac.saavncdn.com/250/d067c88312cbc32cc708e20ff55f4360_sar_320.mp4,242,2022,
NA5ydxpx,Oh My Lily,Sreerama Chandra,Tillu Square,https://c.saavncdn.com/000/Tillu-Square-Telugu-2023-20240405190047-500x500.jpg,https://aac.saavncdn.com/000/b6e44fa0eeaccca851823e2cf3f3d6db_320.mp4,201,2023,
gg4XX-w5,Kallajodu Collage Papa (Telugu Folk Song),Kondu Sagar Exclusive,Kallajodu Collage Papa (Telugu Folk Song),https://c.saavncdn.com/075/Kallajodu-Collage-Papa-Telugu-Folk-Song--Telugu-2021-20210803175244-500x500.jpg,https://aac.saavncdn.com/075/8446d51014498a1603178c1f97e85481_320.mp4,240,2021,
glUhruWm,Naa Kosam,Sid Sriram,Bangarraju,https://c.saavncdn.com/727/Bangarraju-Telugu-2021-20220129102134-500x500.jpg,https://aac.saavncdn.com/727/4f0ae3b4f952f311d5c87d039d25f69e_320.mp4,257,2021,
aHglby5H,Idhi Chala Baagundhi Le,Sid Sriram,Sehari,https://c.saavncdn.com/000/Sehari-Telugu-2021-20220213000255-500x500.jpg,https://aac.saavncdn.com/000/64f4a417245cd27ca9ebe5f7b80bccf7_320.mp4,234,2021,
KAn_MdTx,O Priiyatama,KotiS.P. Balasubrahmanyam,Nuvvu Naaku Nachchav,https://c.saavncdn.com/315/Nuvvu-Naaku-Nachchav-2001-500x500.jpg,https://aac.saavncdn.com/315/1a30d7e505831677b03c91453d87cd40_320.mp4,315,2001,
oZA3TTtB,Killi Killi,Mani SharmaMallikarjun,Gudumba Shankar,https://c.saavncdn.com/495/Gudumba-Shankar-2004-500x500.jpg,https://aac.saavncdn.com/495/904692f01b4bfadb1eb1b4e6d5f16deb_320.mp4,251,2004,
Ow2_pgPe,Badass,Anirudh RavichanderSri KrishnaSai Charan,Leo (Telugu) (Original Motion Picture Soundtrack),https://c.saavncdn.com/046/Leo-Telugu-Original-Motion-Picture-Soundtrack-English-2023-20231020123601-500x500.jpg,https://aac.saavncdn.com/046/fbdcbaf702a8d9cafee39af11b28cdcf_320.mp4,230,2023,
bbmt1lAf,Gumma,Sekhar Chandra,Ambajipeta Marriage Band (Original Motion Picture Soundtrack),https://c.saavncdn.com/803/Ambajipeta-Marriage-Band-Original-Motion-Picture-Soundtrack-Telugu-2024-20240131183058-500x500.jpg,https://aac.saavncdn.com/803/a53323a2fc78b1098c0a076d0da1fd74_320.mp4,230,2024,
OByN1gHS,Saami Saami,Mounika Yadav,Pushpa - The Rise,https://c.saavncdn.com/blob/056/Pushpa-The-Rise-Telugu-2021-20211216115409-500x500.jpg,https://aac.saavncdn.com/000/b7f2ff9264cb3e23322e88bab263aa7a_320.mp4,223,2021,
p2EQzkRd,Garam Garam (From &quot;Saripodhaa Sanivaaram&quot;),Jakes BejoyVishal Dadlani,Garam Garam (From &quot;Saripodhaa Sanivaaram&quot;),https://c.saavncdn.com/046/Garam-Garam-From-Saripodhaa-Sanivaaram-Telugu-2024-20240614192246-500x500.jpg,https://aac.saavncdn.com/046/341ff65a981fea0e13cb822b65a76856_320.mp4,252,2024,
dh_VSuv9,Swapnavevedo,Mani SharmaK. S. ChithraS.P. Balasubrahmanyam,Ravoyi Chandamama,https://c.saavncdn.com/054/Ravoyi-Chandamama-2000-500x500.jpg,https://aac.saavncdn.com/054/8e4154fb9c7d36060d7da5b36c9915b6_320.mp4,333,2000,
Zj9i9q_L,Saranga Dariya,Mangli,Love Story,https://c.saavncdn.com/582/Love-Story-Telugu-2020-20210923220520-500x500.jpg,https://aac.saavncdn.com/582/499f47fee99a0809e9d2b343ac2bec8e_320.mp4,230,2020,
q3XGzD_-,Ye Mera Jaha,Mani SharmaKK,Kushi,https://c.saavncdn.com/470/Kushi-2001-500x500.jpg,https://aac.saavncdn.com/470/543dc9e2d7b9548930f034fb7544fa29_320.mp4,314,2001,
zFOQf_Fz,Shivaratri Song 2020,Mangli,Shivaratri Song 2020,https://c.saavncdn.com/844/Shivaratri-Song-2020-Telugu-2021-20211113092815-500x500.jpg,https://aac.saavncdn.com/844/ad65d575425417934098086915e571df_320.mp4,292,2021,
tH7-WXHd,Nuvvu Nuvvu,Devi Sri PrasadSumangali,Khadgam,https://c.saavncdn.com/431/Khadgam-2002-500x500.jpg,https://aac.saavncdn.com/431/6cfd0f3859dabcf83127962561e96dc8_320.mp4,334,2002,
oJDULSUl,Nannaku,SagarDevi Sri Prasad,Nannaku Prematho,https://c.saavncdn.com/304/Nannaku-Prematho-Telugu-2015-500x500.jpg,https://aac.saavncdn.com/304/e151ecdf320380e8e45e9d87f4f1b352_320.mp4,184,2015,
1SfN4dS1,Maguva Maguva - Male,Sid Sriram,Vakeel Saab,https://c.saavncdn.com/593/Vakeel-Saab-Telugu-2020-20210416213508-500x500.jpg,https://aac.saavncdn.com/593/5d46c8ef82c615d2e7c0b938a4df2f05_320.mp4,250,2020,
OUo95fTZ,Emannavoo,Anirudh RavichanderShweta Mohan,Nava Manmadhudu,https://c.saavncdn.com/188/Nava-Manmadhudu-Telugu-2015-500x500.jpg,https://aac.saavncdn.com/188/b123e2cfdeab3193b8b8e673d19c9403_320.mp4,215,2015,
hcAu136d,Feel My Love,KK,Aarya,https://c.saavncdn.com/044/Aarya-2004-500x500.jpg,https://aac.saavncdn.com/044/0800c983290c5a5030b77a0a1f6b1ff4_320.mp4,301,2004,
K6-GClG1,Jiya Jile,Yazin NizarPranaviSunil Kashyap,Loafer,https://c.saavncdn.com/088/Loafer-Telugu-2015-500x500.jpg,https://aac.saavncdn.com/088/304e14874c9715d92634e74b23483e45_320.mp4,243,2015,
cBV39fDw,Kannula Logililo,S.A. Raj KumarK. S. ChithraUnni Krishnan,Raja,https://c.saavncdn.com/358/Raja-2000-500x500.jpg,https://aac.saavncdn.com/358/7336a09835243bd8f0e11539839878fe_320.mp4,280,2000,
0_PZkiXA,Run Run,Devi Sri PrasadApache IndianSharmila,Iddarammayilatho,https://c.saavncdn.com/514/Idharammayilatho-2013-500x500.jpg,https://aac.saavncdn.com/514/accd49f51e352fefd9e652835746e4b9_320.mp4,304,2013,
VKWsXDEt,Endhuko Pichi Pichi,Mani SharmaN.C. Karunya,Chirutha,https://c.saavncdn.com/959/Chirutha-2007-500x500.jpg,https://aac.saavncdn.com/959/46f47628e86200317a60f8dd09c55843_320.mp4,273,2007,
gRnvlem4,Yedurangula Vaana - Male,Sid Sriram,18 Pages,https://c.saavncdn.com/000/18-Pages-Telugu-2022-20230113204031-500x500.jpg,https://aac.saavncdn.com/000/875c7655b708025d7d17c4e8295083cc_320.mp4,252,2022,
elKqtU3X,Love Me Again,Sooraj SanthoshDevi Sri Prasad,Nannaku Prematho,https://c.saavncdn.com/304/Nannaku-Prematho-Telugu-2015-500x500.jpg,https://aac.saavncdn.com/304/bd2e676b4cd638edbef7cfe62a9111e8_320.mp4,246,2015,
tNR__v8P,Yamaho Yama,Mani SharmaTippu,Chirutha,https://c.saavncdn.com/959/Chirutha-2007-500x500.jpg,https://aac.saavncdn.com/959/6e97826986c111e960f8f7ed2567730f_320.mp4,298,2007,
Bzg_kn5s,Koppamga Koppamga (From &quot;Mr. Majnu&quot;),Thaman SArmaan Malik,Mr. Majnu,https://c.saavncdn.com/866/Mr-Majnu-Telugu-2019-20190114050535-500x500.jpg,https://aac.saavncdn.com/866/93d1a122aacd585589ab5ad55410008b_320.mp4,274,2019,
XQ1WirKu,Sooreede (From &quot;Salaar Cease Fire - Telugu&quot;),Krishna KanthRavi BasrurHarini Ivaturi,Salaar Cease Fire - Telugu,https://c.saavncdn.com/330/Salaar-Cease-Fire-Telugu-Telugu-2024-20240104154534-500x500.jpg,https://aac.saavncdn.com/330/b9ea6417a54649b22e9812c5106e72be_320.mp4,198,2024,
lBvU0kA3,Manava Manava,Mani SharmaSunithaTippu,Anji,https://c.saavncdn.com/687/Anji-2000-500x500.jpg,https://aac.saavncdn.com/687/6e8b2a8056e75192d1bc078fa205ea4a_320.mp4,338,2000,
iQaeUa7m,Pranam Pothunna,Yuvanshankar Raja,Love Today (Telugu) (Original Motion Picture Soundtrack),https://c.saavncdn.com/323/Love-Today-Telugu-Original-Motion-Picture-Soundtrack-Telugu-2022-20221121125710-500x500.jpg,https://aac.saavncdn.com/323/50efe45aba0217a07b50a44ac85af759_320.mp4,231,2022,
hppcFuLn,Seeti Maar,Jaspreet JaszRita Thyagarajan,DJ,https://c.saavncdn.com/622/DJ-Telugu-2017-500x500.jpg,https://aac.saavncdn.com/622/6730169b7d79e097fa2699467780e02c_320.mp4,250,2017,
0-WA6O9c,Chaila Chaila,Devi Sri PrasadKKChiranjeevi,Shankar Dada M.B.B.S.,https://c.saavncdn.com/857/Shankerdada-M-B-B-S-2000-500x500.jpg,https://aac.saavncdn.com/857/449af00b7002b1496b93ade7f660b7e2_320.mp4,366,2000,
gY6JGABJ,Sundari Neeve,IlaiyaraajaS.P. BalasubrahmanyamK. S. Chithra,Dalapathi,https://c.saavncdn.com/238/ART-00213-500x500.jpg,https://aac.saavncdn.com/238/5de2b52a5b28da38eabfebc67af0cbca_320.mp4,421,1992,
FMdDyYmT,Oosupodu,Vedala Hemachandra,Fidaa,https://c.saavncdn.com/904/Fidaa-Telugu-2017-500x500.jpg,https://aac.saavncdn.com/904/934d6220f8f997d15af0760bcf5c7287_320.mp4,273,2017,
kYK1c8Df,Emo Emo,Sid Sriram,Raahu,https://c.saavncdn.com/956/Raahu-Telugu-2020-20200217125829-500x500.jpg,https://cdn.pixabay.com/download/audio/2022/03/23/audio_07b2a04be3.mp3?filename=order-99518.mp3,242,2020,
U-yo0HYa,Follow Follow,Jr. NtrDevi Sri Prasad,Nannaku Prematho,https://c.saavncdn.com/304/Nannaku-Prematho-Telugu-2015-500x500.jpg,https://aac.saavncdn.com/304/4e3f48f608ff2b84b074d1a43b3758e1_320.mp4,218,2015,
Y6XWK5Tu,Hoyna,Devi Sri PrasadK. S. ChithraKarthik,Aata,https://c.saavncdn.com/129/Aata-2007-500x500.jpg,https://aac.saavncdn.com/129/3509137f907fd2420d7fcd9e21058f5b_320.mp4,308,2007,
SSTmsPmf,Rayini Maatram,HariharanHimesh Reshammiya,Dhasavathaaram (Telugu),https://c.saavncdn.com/330/Dhasavathaaram-Telugu--Telugu-2008-20190822151703-500x500.jpg,https://aac.saavncdn.com/330/b2c0617e98293f4b4cb716e4ad7b60ee_320.mp4,328,2008,
ktoxjjsQ,Poolane Kunukeyamantaa,A.R. RahmanHaricharanShreya Ghoshal,I - Manoharudu (Original Motion Picture Soundtrack),https://c.saavncdn.com/364/I-Manoharudu-Telugu-2014-20190914115023-500x500.jpg,https://aac.saavncdn.com/364/952499ea0aea6a7fe66cb37e88fa29a5_320.mp4,308,2014,
e4eD4Efi,Ennenno Andaalu,S. P. BalasubrahmanyamK. S. Chithra,Chanti (Old),https://c.saavncdn.com/000/Chanti-Old--Telugu-1992-20220222193337-500x500.jpg,https://aac.saavncdn.com/000/3a0f63f733b98cb064d0b5477360615a_320.mp4,288,1992,
ZBH0ffpu,Gallo Thelina,TippuGopika Poornima,Jalsa,https://c.saavncdn.com/903/Jalsa-2008-500x500.jpg,https://aac.saavncdn.com/903/cf6ee2e501214d5bf70ebab59dc6a618_320.mp4,292,2008,
AZxUjUTk,Vinaro Bhagyamu,Annamayya KeerthanaS.P. BalasubrahmanyamSrilekha Keeravani AnuradhaAnandGangadharRenuka PurnachandharSujatha MohanAnand Bhattacharya,Annamayya,https://c.saavncdn.com/243/Annamayya-Telugu-1997-20221207194819-500x500.jpg,https://aac.saavncdn.com/243/cb3c3a4ffbbacd7ba2e1425109b5db92_320.mp4,210,1997,
LYzVQFSg,Vennelave Vennelave,HariharanSadhana Sargam,Merupu Kalalu,https://c.saavncdn.com/137/Merupu-Kalalu-Telugu-1997-20221207155957-500x500.jpg,https://aac.saavncdn.com/137/22904d8a59e448ed5cc3967195cd9fd0_320.mp4,359,1997,
TNKEmcI_,Kola Kalle Ilaa,Sid Sriram,Varudu Kaavalenu,https://c.saavncdn.com/000/Varudu-Kaavalenu-Telugu-2021-20211025163712-500x500.jpg,https://aac.saavncdn.com/null/018f1aa455d28087c897c67937ae7caf_320.mp4,223,2021,
7DbnLyOy,Go Go Goa,Mani SharmaRanjithMaha Lakshmi,Stalin,https://c.saavncdn.com/065/Stalin-2006-500x500.jpg,https://aac.saavncdn.com/065/c050529caacf048da2e5f6659f640fe7_320.mp4,297,2006,
1nd_LQK4,Jabilli Kosam (Male),S.P. Balasubrahmanyam,Manchi Manasulu,https://c.saavncdn.com/674/Manchi-Manasulu-2000-500x500.jpg,https://aac.saavncdn.com/674/b1f1c9ed2eaac8460fa202020f340ce5_320.mp4,268,2000,
IB_msVYN,Siri Chandanapu,M. M. KeeravaniK. S. ChithraS.P. Balasubrahmanyam,Muddula Priyudu,https://c.saavncdn.com/401/Muddula-Priyudu-2000-500x500.jpg,https://aac.saavncdn.com/401/d963841913529d8fc460b848337806f9_320.mp4,298,1994,
EBvbomhm,Come Back Indian,Anirudh RavichanderSri Krishna,Bharateeyudu 2 (Original Motion Picture Soundtrack),https://c.saavncdn.com/607/Bharateeyudu-2-Original-Motion-Picture-Soundtrack-Telugu-2024-20240611110157-500x500.jpg,https://aac.saavncdn.com/607/9ae4f5ca99ca7a1a1dabf4fdfd7741c0_320.mp4,217,2024,
tXJF4VW1,Hallo Guru,S.P. Balasubrahmanyam,Nirnayam,https://c.saavncdn.com/328/Nirnayam-Telugu-1991-20181102-500x500.jpg,https://aac.saavncdn.com/328/e44a3c4a8f1a293c3e8ce847b02cdacb_320.mp4,301,1991,
tzCZDcKo,Gudilo Badilo Madilo,M. L. R. KarthikeyanK. S. Chithra,DJ,https://c.saavncdn.com/622/DJ-Telugu-2017-500x500.jpg,https://aac.saavncdn.com/622/c33b76c69cd2619d537a5925abb8bfb6_320.mp4,264,2017,
R-5odX3J,Maate Raani,S.P. Balasubrahmanyam,O Papa Lali,https://c.saavncdn.com/345/O-Papa-Lali-2000-500x500.jpg,https://aac.saavncdn.com/345/fa0c23ecf1ea6a7e54de3cbdfee0e9c3_320.mp4,261,1990,
uNuq9edr,Swathi Reddy,Bheems CeciroleoSwathi Reddy UK,Swathi Reddy,https://c.saavncdn.com/409/Swathi-Reddy-Telugu-2023-20231012110613-500x500.jpg,https://aac.saavncdn.com/409/62255f2f24e0048482d453d76f03776c_320.mp4,166,2023,
9pj2voBL,Why This Kolaveri Di - The Soup Of Love,Anirudh RavichanderDhanush,3 (Telugu),https://c.saavncdn.com/244/3-Telugu-2012-500x500.jpg,https://aac.saavncdn.com/244/61d4b5032a8a360534d0ff677581018a_320.mp4,261,2012,
ShsGDeDg,Thinna Thiram Paduthale,Laxmi,Thinna Thiram Paduthale,https://c.saavncdn.com/159/Thinna-Thiram-Paduthale-Telugu-2020-20200930170008-500x500.jpg,https://aac.saavncdn.com/159/8841b5ae717d78ce4295c7ed31f8f387_320.mp4,220,2020,
UzLc6gng,Goruvanka Valaga,S.P. BalasubrahmanyamK. S. ChithraM.G. Sreekumar,Ghandeevam,https://c.saavncdn.com/831/Ghandeevam-Telugu-1994-500x500.jpg,https://cdn.pixabay.com/download/audio/2022/04/27/audio_6ebb6aaa24.mp3?filename=lofi-study-112191.mp3,304,1994,
6GHpagO_,Laahe Laahe,Harika NarayanSahithi Chaganti,Acharya​,https://c.saavncdn.com/000/Acharya-Telugu-2022-20220523113832-500x500.jpg,https://aac.saavncdn.com/null/8d3df40d64a7677b7e75e3bfa592101f_320.mp4,247,2022,
euCqT6Wo,Kokila Kokila,KotiK. S. ChithraS.P. Balasubrahmanyam,Pelli Chesukundham,https://c.saavncdn.com/785/Pelli-Chesukundham-2000-500x500.jpg,https://aac.saavncdn.com/785/134a8d51af9e80ae9bf719f9ec5bc348_320.mp4,254,2000,
aQYZjTgW,Bullet Song,Silambarasan TRHaripriya,The Warriorr,https://c.saavncdn.com/000/The-Warriorr-Telugu-2022-20220706185247-500x500.jpg,https://aac.saavncdn.com/000/50bd0b5529d15f2e3c71dbbbab3fc220_320.mp4,237,2022,
_FT_NU6m,All Hail The Tiger (From &quot;Devara Part 1&quot;),Anirudh RavichanderNatalie Di LuccioHeisenberg,All Hail The Tiger (From &quot;Devara Part 1&quot;),https://c.saavncdn.com/847/All-Hail-The-Tiger-From-Devara-Part-1-Telugu-2024-20240109141003-500x500.jpg,https://aac.saavncdn.com/847/9b82e98fd415cbb5a58535955b44d596_320.mp4,86,2024,
v4trWj4L,Kundanapu Bomma,A.R. RahmanKalyani MenonBenny Dayal,Yemaaya Chesave,https://c.saavncdn.com/596/Yemaaya-Chesave-Telugu-2010-20190822154149-500x500.jpg,https://aac.saavncdn.com/596/def98c82e0df5d0e8ae0c26c4be23459_320.mp4,332,2010,
rtIe2EtQ,Hukum,Dinker kalvalaAnirudh RavichanderBhaskarabhatla Ravi Kumar,Jailer,https://c.saavncdn.com/435/Jailer-Telugu-2023-20230810132954-500x500.jpg,https://aac.saavncdn.com/435/4161a58e6cff0010c02431e6c21728d9_320.mp4,207,2023,
g7Ht1fok,Prema Endukani,S.A. Raj KumarK. S. ChithraRajesh,Ninne Premista,https://c.saavncdn.com/090/Ninne-Premista-2000-500x500.jpg,https://aac.saavncdn.com/090/dfd8b86112b688d1f88a5e0ae6eb130d_320.mp4,273,2000,
29TKVFDZ,Gili Giligas,Devan EkambaramAndrea,Desamuduru,https://c.saavncdn.com/756/Desamuduru-Telugu-2006-20180406-500x500.jpg,https://aac.saavncdn.com/756/9f514c195a8ceae30f1be54170211ed0_320.mp4,270,2006,
6ueN9-9v,Yeh Oore Chinadana,Devi Sri PrasadKalpanaTippu,Bhadra,https://c.saavncdn.com/831/Bhadra-2005-500x500.jpg,https://aac.saavncdn.com/831/847cb7c2c6362777247ebc62ca357b33_320.mp4,307,2005,
gkQfTLua,Yahoon Yahoon,Devi Sri PrasadMika Singh,Mirchi,https://c.saavncdn.com/500/Mirchi-2013-500x500.jpg,https://aac.saavncdn.com/500/cc84911959c658456afe0455a59b2a26_320.mp4,280,2013,
xxmBOTCY,Inthandham,Vishal ChandrashekharS.P. Charan,Sita Ramam (Telugu) (Original Motion Picture Soundtrack),https://c.saavncdn.com/041/Sita-Ramam-Telugu-Original-Motion-Picture-Soundtrack-Telugu-2022-20220802140738-500x500.jpg,https://aac.saavncdn.com/041/5083b857ea214d9795e18eb5671787cf_320.mp4,218,2022,
UvozS4aC,Baitikochi Chuste,Anirudh Ravichander,Agnyaathavaasi,https://c.saavncdn.com/385/Agnyaathavaasi-Telugu-2017-20180102061403-500x500.jpg,https://aac.saavncdn.com/243/1c34cc064272e6216f44df2ef32cf7b1_320.mp4,206,2017,
CVhngnSo,Kopama Napina,Devi Sri PrasadShreya GhoshalKarthik,Varsham,https://c.saavncdn.com/449/Varsham-2003-500x500.jpg,https://aac.saavncdn.com/449/df99963f482a1a7537079e47acfd4fca_320.mp4,292,2003,
6uVoEjDp,O Madhu,Devi Sri PrasadAdnan Sami,Julai,https://c.saavncdn.com/818/Julai-2012-500x500.jpg,https://aac.saavncdn.com/818/63b5e37a9cb23d19356ae717ba6c2128_320.mp4,243,2012,
1-ypvshi,Sri Raghavam,M. M. Keeravani,Sri Ramadasu,https://c.saavncdn.com/836/Sri-Ramadasu-2006-500x500.jpg,https://aac.saavncdn.com/836/e16646af9deaa2f4316c267d9c57ee6f_320.mp4,59,2006,
QHVEB37G,Chamkeela Angeelesi,Santhosh NarayananRam MiriyalaDhee,Dasara (Telugu),https://c.saavncdn.com/082/Dasara-Telugu-Telugu-2023-20230419173423-500x500.jpg,https://aac.saavncdn.com/082/d62bef435c64a2f5336c04013fa8ab70_sar_320.mp4,203,2023,
Apmczl5_,A Vachi B Pai,M. M. KeeravaniMathangi,Chatrapathi,https://c.saavncdn.com/653/Chatrapathi-2000-500x500.jpg,https://aac.saavncdn.com/653/0318e7493336b37efe69d70c18d2f6e5_320.mp4,284,2000,
6mUMeObe,Ek Niranjan,Mani SharmaRanjith,Ek Niranjan,https://c.saavncdn.com/702/Ek-Niranjan-2009-500x500.jpg,https://aac.saavncdn.com/702/6cbbd645b617e22cf8d7c6fad6a153af_320.mp4,300,2009,
kqD0M3RH,Mandaara Poovalle,Yuvanshankar RajaBenny Dayal,Awaara,https://c.saavncdn.com/612/Awaara-Telugu-2013-500x500.jpg,https://aac.saavncdn.com/612/50208752d345c93cb213038ad38e4a34_320.mp4,324,2010,
lc6BBQ2C,Jagadame,Mani SharmaKunal Ganjawala,Pokiri,https://c.saavncdn.com/082/Pokiri-2006-500x500.jpg,https://aac.saavncdn.com/082/ab7689262b96c15cfd4b395e6d0bd2b8_320.mp4,270,2006,
3u6MuDUZ,O Pillago Ungaraala Juttu Sinnoda,Rohini,O Pillago Ungaraala Juttu Sinnoda,https://c.saavncdn.com/871/O-Pillago-Ungaraala-Juttu-Sinnoda-Telugu-2023-20230921173143-500x500.jpg,https://aac.saavncdn.com/871/419c66aff9b28fe97181dde8232f77d0_320.mp4,248,2023,
0,Asku Laska Emo Emo,Vijay PrakashChinmayi SripaadaSuViVijay,Snehitudu,https://c.saavncdn.com/272/Snehitudu-Telugu-2011-500x500.jpg,https://cdn.pixabay.com/download/audio/2022/03/23/audio_07b2a04be3.mp3?filename=order-99518.mp3,380,2011,
QCz6rCgl,Neelo Jarige,HariharanShreya Ghoshal,Balu ABCDEFG,https://c.saavncdn.com/293/Balu-ABCDEFG-Telugu-2004-500x500.jpg,https://aac.saavncdn.com/293/f986c0c602d44fe048853cc6e57d3daa_320.mp4,356,2004,
OmoyL4qP,Guvva Gorinka Tho,Raj-KotiS. JanakiS. P. Balasubrahmanyam,Khaidi No. 786,https://c.saavncdn.com/436/Khaidi-No-786-2000-500x500.jpg,https://aac.saavncdn.com/436/cdc08ce02711f0cb4fd6052f6c900948_320.mp4,271,2000,
EGWDoDxO,Yadikelli Vachinave,Ramu Rathod,Yadikelli Vachinave,https://c.saavncdn.com/186/Yadikelli-Vachinave-Telugu-2023-20230525170005-500x500.jpg,https://aac.saavncdn.com/186/3e0ee54c0da70ab3d53b875165490402_320.mp4,202,2023,
yJMP4G92,Gala Gala Paruthunna,Mani SharmaNihal,Pokiri,https://c.saavncdn.com/082/Pokiri-2006-500x500.jpg,https://aac.saavncdn.com/082/8fa815c00cf8ffab6ae72e22c6e03446_320.mp4,274,2006,
vYNziQeq,Neeti Mullai (Bit),Devi Sri PrasadSagarSumangali,Varsham,https://c.saavncdn.com/449/Varsham-2003-500x500.jpg,https://aac.saavncdn.com/449/f6a1dfa2703c891e5c9decee2e0d7a95_320.mp4,82,2003,
mU2-uoYD,Ale Ale,KarthikChitra Sivaraman,Boys,https://c.saavncdn.com/889/Boys-2003-500x500.jpg,https://aac.saavncdn.com/889/a11408b8c63677368d609d1ab2cf547e_320.mp4,386,2003,
HiersR5j,Kanya Kumaari,IlaiyaraajaS. JanakiS.P. Balasubrahmanyam,Bobbili Raja,https://c.saavncdn.com/655/Bobbili-Raja-2000-500x500.jpg,https://aac.saavncdn.com/655/66aa54a4d46ff60cb4e7fdb1b7465a6f_320.mp4,334,1990,
8wH__INh,Vaalu Kanuladaanaa,Unni Menon,Premikula Roju,https://c.saavncdn.com/474/Premikula-Roju-Telugu-1999-20191016112959-500x500.jpg,https://aac.saavncdn.com/474/f0e51b53f30c0ba74464e32bf222f66a_sar_320.mp4,349,1999,
2NJfSATV,Uttimeda Koodu,A.R. RahmanShankar Mahadevan,Oke Okkadu,https://c.saavncdn.com/406/Oke-Okkadu-1999-500x500.jpg,https://aac.saavncdn.com/406/2b0fd608b9950cef0fd609cef1f7a297_320.mp4,342,1999,
TPW0xpL8,Kashmiri Loyalo,ChakravarthiS. JanakiS.P. Balasubrahmanyam,Pasivadi Pranam,https://c.saavncdn.com/530/Pasivadi-Pranam-2000-500x500.jpg,https://aac.saavncdn.com/530/421e270bd910980e0ea50bbac82f06f0_320.mp4,272,2000,
vlm-SP9h,Po Pove Yekantham,Anirudh RavichanderDhanunjay,Raghuvaran B.Tech,https://c.saavncdn.com/252/Raghuvaran-B-Tech-Telugu-2014-500x500.jpg,https://aac.saavncdn.com/252/2a62f6ceee278749fec900d13f748885_320.mp4,221,2014,
EB0-1KnT,Nee Choopule,G.V. Prakash KumarK. S. ChithraHaricharan,Endukante Premanta,https://c.saavncdn.com/882/Endukante-Premanta-2012-500x500.jpg,https://aac.saavncdn.com/882/66eb78e15a92cfc3f0baa8c21f0acb1e_320.mp4,361,2012,
sEb1nTAF,Natho Vasthava,Devi Sri PrasadUdit NarayanSumangali,Mass,https://c.saavncdn.com/086/Mass-2004-500x500.jpg,https://aac.saavncdn.com/086/cee368e3ec1515e0eb4aec9252056a02_320.mp4,294,2004,
uHYp7-0J,Vellipoke,RanjithSekhar Chandra,Memu Vayasuku Vachham,https://c.saavncdn.com/291/Memu-Vayasuku-Vachham-Telugu-2013-500x500.jpg,https://cdn.pixabay.com/download/audio/2022/03/10/audio_5b667e5bb3.mp3?filename=electronic-future-beats-117997.mp3,277,2013,
o6YNFZyo,You Rock My World,ShaanPremji Amaran,Aarya,https://c.saavncdn.com/044/Aarya-2004-500x500.jpg,https://aac.saavncdn.com/044/6c4e54ad37f9d75c73246c6eec5a7ad3_320.mp4,305,2004,
WLHNoCLn,Ye Chilipi,Harris JayarajSrinivas,Gharshana (New),https://c.saavncdn.com/944/Gharshana-New-2004-500x500.jpg,https://aac.saavncdn.com/944/f8032af5004bed823362b728e4a485bd_320.mp4,316,2004,
JJDbmxSs,Madhura Nagari,SreenidhiNayana NairKaala Bhairava,Pelli SandaD,https://c.saavncdn.com/000/Pelli-SandaD-Telugu-2021-20211012232740-500x500.jpg,https://aac.saavncdn.com/000/a1012da99c176b6e485c714791184f82_320.mp4,214,2021,
rHe5DbN3,Ghallu Ghallu,Mani SharmaS.P. BalasubrahmanyamMallikarjun,Indra,https://c.saavncdn.com/808/Indra-2002-500x500.jpg,https://aac.saavncdn.com/808/53067869318e8c52bb8a31532858322f_320.mp4,352,2002,
3iAvpf6i,Premisthunna,Vijai BulganinP V N S Rohit,Baby,https://c.saavncdn.com/732/Baby-Telugu-2023-20230710131123-500x500.jpg,https://aac.saavncdn.com/732/6481b20b9f75523c89062d64b27084b5_320.mp4,395,2023,
40RXYZII,Sande Poddula,S.P. BalasubrahmanyamS. Janaki,Abhilasha,https://c.saavncdn.com/null/Abhilasha-Telugu-1983-20200428164138-500x500.jpg,https://aac.saavncdn.com/357/8cc354b495a62750d924eebada374cc4_320.mp4,267,1983,
MLnY_aNo,Arerey Manasa,Sid Sriram,Falaknuma Das (Original Motion Picture Soundtrack),https://c.saavncdn.com/243/Falaknuma-Das-Telugu-2019-20190527121508-500x500.jpg,https://aac.saavncdn.com/243/fd52cc44c5140ce9b710b8d1f97b0ba6_320.mp4,301,2019,
XOTdQM__,I Hate Love Stories,Thaman SNaveen MadhavRanjith,Greekuveerudu,https://c.saavncdn.com/429/Greekuveerudu-2013-500x500.jpg,https://aac.saavncdn.com/429/8e4e50932d66ad91ce331939065ff24d_320.mp4,215,2013,
h1R8JWrM,Kaanunna Kalyanam,Vishal ChandrashekharAnurag KulkarniSinduri Vishal,Sita Ramam (Telugu) (Original Motion Picture Soundtrack),https://c.saavncdn.com/041/Sita-Ramam-Telugu-Original-Motion-Picture-Soundtrack-Telugu-2022-20220802140738-500x500.jpg,https://aac.saavncdn.com/041/78be60a749ddb887e08a8d4b120e5bb8_320.mp4,232,2022,
1fN_A1o4,Ori Vaari,Santhosh Narayanan,Dasara (Telugu),https://c.saavncdn.com/082/Dasara-Telugu-Telugu-2023-20230419173423-500x500.jpg,https://aac.saavncdn.com/082/6c414474a0175b8850da4ff2bfbdecad_sar_320.mp4,214,2023,
LqRtKtGJ,Naa Manasuki,Yuvan Shankar RajaGayatriKarthik,Aadavari Matalaku Ardhalu Veruley,https://c.saavncdn.com/483/Aadavari-Matalaku-Ardhalu-Veruley-2007-500x500.jpg,https://aac.saavncdn.com/483/09a9929bfe8c2b90eb19ff05ddf04677_320.mp4,340,2007,
CzpAwik9,Enno Ratrulosthayi - Remix,S. P. CharanSameera Bharadwaj,Amigos,https://c.saavncdn.com/000/Amigos-Telugu-2023-20230131210922-500x500.jpg,https://aac.saavncdn.com/000/a8f29b5da30fc5acba92c719f6b24794_320.mp4,281,2023,
VcCFix86,Manasaa,Devan EkambaramChinmayiA.R. Rahman,Yemaaya Chesave,https://c.saavncdn.com/596/Yemaaya-Chesave-Telugu-2010-20190822154149-500x500.jpg,https://aac.saavncdn.com/596/30093e6e2246abc2b9c4c7d2fc44757c_320.mp4,253,2010,
IA5evUq-,Aakasam Eenatidho,S. Janaki,Nireekshana,https://c.saavncdn.com/555/Nireekshana-Telugu-1982-500x500.jpg,https://aac.saavncdn.com/555/efa37a75bd75b6940b57d33441828d1f_320.mp4,237,1982,
dkk0f3aO,Young Yama,M.M. KeeravaaniShankar MahadevanManoPranavi,Yamadonga,https://c.saavncdn.com/687/Yamadonga-Telugu-2007-500x500.jpg,https://cdn.pixabay.com/download/audio/2022/03/15/audio_c8c8a73467.mp3?filename=fun-life-112188.mp3,294,2007,
wA4PfXxU,Srinivasa Govinda Sri Venkatesha Govinda,Ramu,Sri Venkateshwara Swamy Manasasmarani,https://c.saavncdn.com/603/Sri-Venkateshwara-Swamy-Manasasmarani-Telugu-2015-20200620154907-500x500.jpg,https://aac.saavncdn.com/603/8e68ab5a69441ae219f732cfd97a0ad7_320.mp4,1201,2015,
ziLNwR9Z,Prathi Gaadhalo (From &quot;Salaar Cease Fire - Telugu&quot;),Krishna KanthRavi BasrurRavi Basrur and Team,Salaar Cease Fire - Telugu,https://c.saavncdn.com/330/Salaar-Cease-Fire-Telugu-Telugu-2024-20240104154534-500x500.jpg,https://aac.saavncdn.com/330/82913b3d329f3b9a440fc1a1abcc47e6_320.mp4,187,2024,
AohT85ua,Alanati Ramachandrudu,Mani SharmaJikkiSunithaSandhya,Murari,https://c.saavncdn.com/678/Murari-2000-500x500.jpg,https://aac.saavncdn.com/678/30048a9714fca104ad6db843b235c0bc_320.mp4,321,2000,
gskbkrZK,Acha Acha,S.P. BalasubrahmanyamS. Janaki,Rakshasudu,https://c.saavncdn.com/375/Rakshasudu-Telugu-1986-20190121-500x500.jpg,https://aac.saavncdn.com/375/20407649ee233630504917325687158f_320.mp4,268,1986,
DlbpMmFF,Zum Zumare,Kousalya,Amma Nanna O Tamila Ammai,https://c.saavncdn.com/277/Amma-Nanna-O-Tamila-Ammai-2003-500x500.jpg,https://aac.saavncdn.com/277/35e74cb852edcac7d4c29f7d829cb45a_320.mp4,359,2003,
wqaXpZ0L,Hrudayam Ekkadunnadi,Harish RaghavendraBombay JayashriHarris Jayaraj,Ghajini,https://c.saavncdn.com/871/Ghajini-2005-500x500.jpg,https://aac.saavncdn.com/871/58af997ef0258ad3d4a571219620f2e6_320.mp4,316,2005,
L9GZ3imI,Maro Maro,Mani SharmaSuchitraRahul Nambiar,Chirutha,https://c.saavncdn.com/959/Chirutha-2007-500x500.jpg,https://aac.saavncdn.com/959/7f8254d726b7f296298bb9e141ba02e2_320.mp4,282,2007,
RZ7LTEKc,Yedhaki Oka Gaayam,Hesham Abdul WahabDivya S. Menon,Kushi (Telugu),https://c.saavncdn.com/679/Kushi-Telugu-Telugu-2024-20240427063438-500x500.jpg,https://aac.saavncdn.com/679/69796816058db32aef097a652ae2a748_320.mp4,230,2024,
G01zD7U0,Bapu Gari Bommo,Devi Sri PrasadShankar Mahadevan,Attarrintiki Daaredi,https://c.saavncdn.com/464/Attarrintiki-Daaredi-Telugu-2013-500x500.jpg,https://aac.saavncdn.com/464/7df7d5c5e1b98f95d6ebd271a98142db_320.mp4,281,2013,
cVzSfluH,Emantaro,Mani SharmaHariniS.P. Charan,Gudumba Shankar,https://c.saavncdn.com/495/Gudumba-Shankar-2004-500x500.jpg,https://aac.saavncdn.com/495/53d8bc57cf31701edafb4f9509e657b6_320.mp4,379,2004,
NxV9-tyA,O Range,Benny Dayal,Orange,https://c.saavncdn.com/105/Orange-Telugu-2006-20210624180302-500x500.jpg,https://aac.saavncdn.com/105/8ac11b259f9c132a4520225d07be8a94_320.mp4,255,2010,
E4DQ0TLy,Odiyamma (From &quot;Hi Nanna&quot;),Hesham Abdul WahabDhruv VikramShruti HaasanChinmayi Sripada,Odiyamma (From &quot;Hi Nanna&quot;) - Telugu,https://c.saavncdn.com/156/Odiyamma-From-Hi-Nanna-Telugu-Telugu-2023-20231204191025-500x500.jpg,https://aac.saavncdn.com/156/a5bad8befd61185d4c9094b99e9325e4_320.mp4,195,2023,
BKFJoW5z,Gundello Emundho,VenuSumangali,Manmadhudu,https://c.saavncdn.com/386/Manmadhudu-Telugu-2002-20190206140019-500x500.jpg,https://aac.saavncdn.com/386/d59e82fd0fd8cc2a241d5f32345f67bb_320.mp4,259,2002,
BevG7hE4,Made In Andhra,Ramana Gogula,Thammudu,https://c.saavncdn.com/399/Thammudu-2000-500x500.jpg,https://aac.saavncdn.com/399/7f237a7e7715ad8c784eaa71618c99ec_320.mp4,419,2000,
p4NdFSLw,Endhuko Emo,Aalap RajuPrashanthini,Rangam,https://c.saavncdn.com/875/Rangam-2011-500x500.jpg,https://aac.saavncdn.com/875/7237ecc5ca7a65bb0feaa7431d906a4e_320.mp4,331,2011,
DJMtm9j9,Motha,M.M. ManasiYuvan Shankar Raja,Gangs Of Godavari,https://c.saavncdn.com/000/Gangs-Of-Godavari-Telugu-2024-20240530193901-500x500.jpg,https://aac.saavncdn.com/000/431610232a233462ebba0d6fd9424637_320.mp4,206,2024,
Mpi2m7cD,Pillaa Raa,Anurag Kulkarni,RX 100,https://c.saavncdn.com/172/RX-100-Telugu-2018-20230207103253-500x500.jpg,https://aac.saavncdn.com/172/4c364289c4c896e2a87012f74ba4a11d_sar_320.mp4,235,2018,
ZivoJrEy,Dheera Dheera,Sri KrishnaMohana KrishnaSantosh VenkyAditya NarayanH. Shreenivas MoorthiLokeshwarGanta RitheshAnanya BhatVijay Urs,KGF Chapter 1,https://c.saavncdn.com/402/KGF-Chapter-1-Telugu-2018-20190318131410-500x500.jpg,https://cdn.pixabay.com/download/audio/2022/05/27/audio_1808fbf07a.mp3?filename=music-112905.mp3,222,2018,
PmQKzyFy,Hai Hai,Mani SharmaS.P. BalasubrahmanyamSunitha,Chennakesava Reddy,https://c.saavncdn.com/714/Chennakesava-Reddy-2000-500x500.jpg,https://aac.saavncdn.com/714/fed2fd9c5c4c42c87848f045528fe4e0_320.mp4,329,2000,
l8hNBbSh,Undipo,Anurag KulkarniRamya Behara,Ismart Shankar,https://c.saavncdn.com/213/Ismart-Shankar-Telugu-2019-20190711134004-500x500.jpg,https://aac.saavncdn.com/137/8f8b6d853aaaba1e35e24c7e9c736ab6_320.mp4,303,2019,
TVkkTRQH,Chakkera Pilla - Telugu,Kittu VissapragadaRaghu DixitBéla Fleck,Chakkera Pilla - Telugu,https://c.saavncdn.com/741/Chakkera-Pilla-Telugu-Telugu-2024-20240628164732-500x500.jpg,https://aac.saavncdn.com/741/fd9831ad1f3358a6e90ef9b9164c7b83_320.mp4,295,2024,
z0JKx0-t,"Somasilli Pothunnave, Pt. 2",Ramu RathodDivya Malika,"Somasilli Pothunnave, Pt. 2",https://c.saavncdn.com/832/Somasilli-Pothunnave-Pt-2-Telugu-2022-20221125115922-500x500.jpg,https://aac.saavncdn.com/832/adb9510b9b90ba99aab7ca6290fad9d4_320.mp4,237,2022,
ZSf5XbqP,Veyira Cheyyi Veyira,Yuvan Shankar RajaSaloni Aswani,Panjaa,https://c.saavncdn.com/209/Panjaa-2011-500x500.jpg,https://aac.saavncdn.com/209/fc9e63f9c25841cf0f7763ffa9718df1_320.mp4,270,2011,
x3CP8lCC,Narajugakura,Ramana Gogula,Johnny,https://c.saavncdn.com/718/Johnny-2003-500x500.jpg,https://aac.saavncdn.com/718/df19f975ef64f4bee9f9e651764356c3_320.mp4,309,2003,
LTalAmel,Chali Chaliga,Devi Sri PrasadShreya Ghoshal,Mr. Perfect,https://c.saavncdn.com/358/Mr-Perfect-2011-500x500.jpg,https://aac.saavncdn.com/358/788c8380a1bccb121798d307d2c18414_320.mp4,298,2011,
66E8ZQiS,Poolamme Pilla (From &quot;HanuMan&quot;) [Telugu],Kasarla ShyamGowraHari,Poolamme Pilla (From &quot;HanuMan&quot;) [Telugu],https://c.saavncdn.com/807/Poolamme-Pilla-From-HanuMan-Telugu-Telugu-2024-20240620164831-500x500.jpg,https://aac.saavncdn.com/807/7a1b2ebd43733e4d2425e466a556367d_320.mp4,267,2024,
dGz4WYbe,Okkasari Cheppaleva,KotiKumar SanuK. S. Chithra,Nuvvu Naaku Nachchav,https://c.saavncdn.com/315/Nuvvu-Naaku-Nachchav-2001-500x500.jpg,https://aac.saavncdn.com/315/7fd28e007fec12a4d83cbae1daa5d57c_320.mp4,310,2001,
4W0R6K9p,Hara Hara Eshwara,Madhu Priya,Hara Hara Eshwara,https://c.saavncdn.com/462/Hara-Hara-Eshwara-Telugu-2020-20200219183924-500x500.jpg,https://aac.saavncdn.com/462/6714101225c7548bb9bf8e9d4f740e30_320.mp4,263,2020,
-8TWTAQm,Rama Rama Raghurama,Mallikarjun,Sri Anjaneyam,https://c.saavncdn.com/597/Sri-Anjaneyam-2000-500x500.jpg,https://aac.saavncdn.com/597/19dc3a9e3c8cfe73e9bc567b447ed4bb_320.mp4,318,2004,
4IAU8i1z,Gundellonaa,Leon JamesAnirudh Ravichander,Ori Devuda,https://c.saavncdn.com/901/Ori-Devuda-Telugu-2022-20221027144002-500x500.jpg,https://aac.saavncdn.com/901/ab18f5f65e40c5f70e3c1a1d8c4cb6f9_sar_320.mp4,200,2022,
0Ou3BrWt,Kaadhal Kurise,Manish KumarVyshu Maya,Kaadhal Kurise,https://c.saavncdn.com/705/Kaadhal-Kurise-Telugu-2024-20240419031243-500x500.jpg,https://aac.saavncdn.com/705/bdb20a690a9ee256d734e122c1c27543_320.mp4,308,2024,
kTehID4o,Thatha Vasthaade,Anirudh RavichanderArun Kaundinya,Bharateeyudu 2 (Original Motion Picture Soundtrack),https://c.saavncdn.com/607/Bharateeyudu-2-Original-Motion-Picture-Soundtrack-Telugu-2024-20240611110157-500x500.jpg,https://aac.saavncdn.com/607/a56106d24c251d2ba9f6e73a3f557ebe_320.mp4,234,2024,
jLz6RqPo,Kanna Antu Kalisinave,Ramu,Kanna Antu Kalisinave,https://c.saavncdn.com/801/Kanna-Antu-Kalisinave-Telugu-2022-20221206003812-500x500.jpg,https://aac.saavncdn.com/801/34a6c1e1c12adcf797c83e1bd9ec3f2d_320.mp4,224,2022,
6euy9jQl,Na Cheli Rojave,A.R. Rahman,Telugu Romantic Film Hits,https://c.saavncdn.com/873/Telugu-Romantic-Film-Hits-Telugu-2015-500x500.jpg,https://cdn.pixabay.com/download/audio/2022/02/07/audio_13f9618d7f.mp3?filename=whip-110235.mp3,296,2015,
K-PiwBla,Naaku Neeku,Harris JayarajKunal GanjawalaVasundhara Das,Aparichithudu,https://c.saavncdn.com/951/Aparichithudu-2005-500x500.jpg,https://aac.saavncdn.com/951/a58d70c8727ab8d5122fe894bdd31dbf_320.mp4,326,2005,
X0KMnPQC,Vishnu Sahasranamam,Nithya Santhishini,Vishnu Sahasranamam,https://c.saavncdn.com/316/Vishnu-Sahasranamam-2005-500x500.jpg,https://aac.saavncdn.com/316/9766095f9e967f1aa42ef32e21a0a7ac_320.mp4,1587,2005,
3gpdxnNF,Vanochhenante,Mani SharmaUdit NarayanShreya Ghoshal,Tagore,https://c.saavncdn.com/769/Tagore-2003-500x500.jpg,https://aac.saavncdn.com/769/a3436e845b997f1abbdfad1a3d5615f6_320.mp4,312,2003,
BiPHetGk,Gore Gore,Thaman SKarthikJyotsna Radhakrishnan,Kick,https://c.saavncdn.com/765/Kick-2009-500x500.jpg,https://aac.saavncdn.com/765/6ed5809293b54c6c6dbf9c35f71a89f4_320.mp4,308,2009,
Dnl0hNIO,Kavvinchake,S.A. Raj KumarRajeshSujatha Mohan,Raja,https://c.saavncdn.com/358/Raja-2000-500x500.jpg,https://aac.saavncdn.com/358/14a3e1d311a9aed47015fe513ef58849_320.mp4,261,2000,
o6XyixAR,Chuttesai Chuttesai,Yuvanshankar RajaKarthikSunitha Sarathy,Awaara,https://c.saavncdn.com/612/Awaara-Telugu-2013-500x500.jpg,https://aac.saavncdn.com/612/87c82ca02371b98c7998b407eb3f1988_320.mp4,296,2010,
HEndGx6v,Ele Ele Maradalaa,Vetui SundaraRama MurthyS.P. BalasubrahmanyamSujatha MohanAnuradha,Annamayya,https://c.saavncdn.com/243/Annamayya-Telugu-1997-20221207194819-500x500.jpg,https://aac.saavncdn.com/243/6eb41f244121796b8c351e45097c631c_320.mp4,263,1997,
WhJpITkW,Chudandi Saaru,Anirudh RavichanderHemachandra,Raghuvaran B.Tech,https://c.saavncdn.com/252/Raghuvaran-B-Tech-Telugu-2014-500x500.jpg,https://aac.saavncdn.com/252/6c848f0f6d093ab41e31cc096ccf12a8_320.mp4,120,2014,
yDkFSWdN,Rasaleelavela,IlaiyaraajaS. JanakiS.P. Balasubrahmanyam,Aditya 369,https://c.saavncdn.com/510/Aditya-369-2000-500x500.jpg,https://aac.saavncdn.com/510/c7d4127e8a9bb1f6fbe25e0a177e7289_320.mp4,308,1991,
qdEWVUKz,Bommanu Geesthey,Devi Sri PrasadGopika PoornimaJeans Srinivas,Bommarillu,https://c.saavncdn.com/843/Bommarillu-2000-500x500.jpg,https://aac.saavncdn.com/843/bdad4c2649c93fee65c3c2fb24322f2e_320.mp4,235,2000,
DSZ48QZm,Yenti Yenti,Chinmayi Sripaada,Geetha Govindam,https://c.saavncdn.com/237/Geetha-Govindam-Telugu-2018-20180921-500x500.jpg,https://aac.saavncdn.com/237/576cecaf37f8d5921978d64f93956787_320.mp4,199,2018,
ur9Xj9w9,Kalyani Vaccha Vacchaa,Mangli SatyavathiKarthik,The Family Star,https://c.saavncdn.com/643/The-Family-Star-Telugu-2024-20240404141043-500x500.jpg,https://aac.saavncdn.com/643/ad6eed6f22a94140b6300ccf81453e81_320.mp4,201,2024,
2zA2u9N2,Inka Edho,G.V. Prakash KumarPrashanthiniSuraj,Darling,https://c.saavncdn.com/216/Darling-Telugu-2010-20190914120044-500x500.jpg,https://aac.saavncdn.com/216/bc9c9e69ef97e18ac00c765f34884aa0_320.mp4,315,2010,
0S3brU3C,Gummadi Gummadi,Hariharan,Daddy,https://c.saavncdn.com/400/Daddy-2001-500x500.jpg,https://aac.saavncdn.com/400/b019b3feadfba54941fcf9487c139fb6_320.mp4,291,2001,
N4vTrIAi,Nee Prashnalu,S. P. Balasubrahmanyam,Kotha Bangaru Lokam,https://c.saavncdn.com/112/Kothabangarulokam-2008-500x500.jpg,https://aac.saavncdn.com/112/2aa07e089ba69a6363a53ad0d4dabc5a_320.mp4,266,2008,
GRSlc4h_,Jaale,Mangli Satyavathi,Jaale,https://c.saavncdn.com/592/Jaale-Telugu-2022-20220908145333-500x500.jpg,https://aac.saavncdn.com/592/2e935274fe65aad941bdc707256da6d6_320.mp4,290,2022,
rulkXg7i,Govinda Namalu,Rajalakshmee Sanjay,Govinda Namalu,https://c.saavncdn.com/589/Govinda-Namalu-Telugu-2014-500x500.jpg,https://aac.saavncdn.com/589/84fcdf705836963d80d77461faace61f_320.mp4,596,2014,
tPQ5bg-9,Hayirabba,nan,Jeans,https://c.saavncdn.com/280/Jeans-1999-500x500.jpg,https://aac.saavncdn.com/280/ebfea2e5f51012c9c1578475cb1f28e5_320.mp4,434,1999,
g1I2SFAz,Love U Raa,Mani SharmaRita ThyagarajanDeepu,Chirutha,https://c.saavncdn.com/959/Chirutha-2007-500x500.jpg,https://aac.saavncdn.com/959/16ccd51dd7639a9cbf555bb38054b25e_320.mp4,292,2007,
YpfnnpLb,New York Nagarama,A.R. Rahman,Nuvvu Nenu Prema,https://c.saavncdn.com/317/Nuvvu-Nenu-Prema-2006-500x500.jpg,https://aac.saavncdn.com/317/ba720a5e5c1dabc7e7dd88db5fef45ce_320.mp4,379,2006,
clDYYBgo,Panchadaara,M. M. KeeravaniRita ThyagarajanAnuj Gurwara,Magadheera,https://c.saavncdn.com/896/Magadheera-2009-500x500.jpg,https://aac.saavncdn.com/896/b31711f5ffc53101d52d93a5219e95da_320.mp4,289,2009,
eDfbxp3y,Psycho Saiyaan,Anirudh RavichanderDhvani BhanushaliTanishk Bagchi,Saaho,https://c.saavncdn.com/186/Saaho-Telugu-2019-20190828024553-500x500.jpg,https://aac.saavncdn.com/186/a222291941fa50e393e794a3f25b174e_320.mp4,166,2019,
XX3TmOiE,Hanuman Chalisa,D.V. Ramani,Hanuman Chalisa,https://c.saavncdn.com/625/Hanuman-Chalisa-Telugu-2013-500x500.jpg,https://aac.saavncdn.com/625/d5badc1de7aa88c0b7ac298fdb1c0364_320.mp4,530,2013,
O5OPp0Sa,Om Namah Shivaya,RamuJ. Purushothama Sai,Om Namah Shivaya,https://c.saavncdn.com/962/Om-Namah-Shivaya-Telugu-2000-500x500.jpg,https://aac.saavncdn.com/962/81b8bfcbbb296358cd1e48ac06e8a3e3_320.mp4,1346,2000,
5JQIE1cN,Vasthava Vasthava,Devi Sri PrasadSrilekhaJessi Gift,Rakhi,https://c.saavncdn.com/521/Rakhi-2000-500x500.jpg,https://aac.saavncdn.com/521/b9479e4c1dd1f6a947edc904b6d12a40_320.mp4,267,2000,
zgrHTh-z,Pataas Pilla,Anirudh Ravichander,DJ Tillu,https://c.saavncdn.com/430/DJ-Tillu-Telugu-2022-20220210033850-500x500.jpg,https://aac.saavncdn.com/430/9ffce66db85f9c0990ecf21874ad62df_320.mp4,202,2022,
YkpLguy-,Neetho Sayantram,KotiK. S. ChithraS.P. BalasubrahmanyamSailaja,Amma Donga,https://c.saavncdn.com/257/Amma-Donga-2000-500x500.jpg,https://aac.saavncdn.com/257/7ea6dfb57d14839dba3f947a8b24e1af_320.mp4,260,2000,
fcdmCj7z,Andala Aparanji,Katike Ramu,Andala Aparanji,https://c.saavncdn.com/906/Andala-Aparanji-Telugu-2022-20220704121212-500x500.jpg,https://aac.saavncdn.com/906/251bb220b59e2f2640df233e4de6af05_320.mp4,226,2022,
Hora1F08,Rabbaru Gagulu,Daler MehandiPranavi,Yamadonga,https://c.saavncdn.com/687/Yamadonga-Telugu-2007-500x500.jpg,https://cdn.pixabay.com/download/audio/2022/03/15/audio_c8c8a73467.mp3?filename=fun-life-112188.mp3,319,2007,
53JR6r9-,Gudi Gantalu,S.A. Raj KumarK. S. ChithraRajesh,Ninne Premista,https://c.saavncdn.com/090/Ninne-Premista-2000-500x500.jpg,https://aac.saavncdn.com/090/d18ee23134e01338a83f89760818dc29_320.mp4,283,2000,
ItDQmVHS,Bangaram,Vidhya SagarTippuMamika Vinayagam,Bangaram,https://c.saavncdn.com/385/Bangaram-2006-500x500.jpg,https://aac.saavncdn.com/385/a4172b8ce6199962cb0f0aae3555ef2f_320.mp4,161,2006,
grwwxo4C,Adiga Brahmani,SriK. S. ChithraKarthik,Emandoy Sreevaru,https://c.saavncdn.com/819/Emandoy-Sreevaru-2006-500x500.jpg,https://aac.saavncdn.com/819/1e9daef58c371165d7cc3eeb6e790a37_320.mp4,304,2006,
0_FhKUCP,Yemaiundacho,Vijai Bulganin,Yemaiundacho,https://c.saavncdn.com/269/Yemaiundacho-Telugu-2022-20220308124830-500x500.jpg,https://aac.saavncdn.com/269/d05bf9946509505eb10fb6eab8d03f16_320.mp4,325,2022,
iCS426El,You &amp; I,Devi Sri Prasad,Jalsa,https://c.saavncdn.com/903/Jalsa-2008-500x500.jpg,https://aac.saavncdn.com/903/164e0ba05045020d23618601f2bc7d25_320.mp4,300,2008,
cC4W8--f,Kannanule (Bombay / Soundtrack Version),Chitra,Bombay,https://c.saavncdn.com/369/Bombay-Telugu-1994-20190924060934-500x500.jpg,https://aac.saavncdn.com/369/d217da1aec5b98e63840dfd334a5294c_320.mp4,355,2008,
HIHT7h5u,"Neela Neelamma Chiralo Neela, Pt. 2",Suman BadanakalMatla Srujana,"Neela Neelamma Chiralo Neela, Pt. 2",https://c.saavncdn.com/974/Neela-Neelamma-Chiralo-Neela-Pt-2-Telugu-2022-20220210145225-500x500.jpg,https://aac.saavncdn.com/974/2f619a0bc27fbe50a88bba0e0a13dede_320.mp4,241,2022,
IyVo_YX0,Prema O Prema,nan,Manasulo Maata,https://c.saavncdn.com/658/Manasulo-Maata-2000-500x500.jpg,https://aac.saavncdn.com/658/88f82ee8acfbbf3774db4c6c0036d932_320.mp4,283,2000,
21iR5tY4,Gichchi Gichchi,Udit NarayanSoumya,Super,https://c.saavncdn.com/460/Super-2000-500x500.jpg,https://aac.saavncdn.com/460/faa2b7850fdac01609d6ea3aa5cfd0dc_320.mp4,289,2000,
jm3GUEMz,Teliyadhe,KasyapLipsika Bhashyam,Teliyadhe,https://c.saavncdn.com/242/Teliyadhe-Telugu-2024-20240110175416-500x500.jpg,https://aac.saavncdn.com/242/04a32c51e0bd2835e6064353c1a59208_320.mp4,241,2024,
L73MG2RX,Attarintiki,Mani SharmaShreya GhoshalHariharan,Okkadu,https://c.saavncdn.com/408/Okkadu-2000-500x500.jpg,https://aac.saavncdn.com/408/57c4cc4dab8c087bc3b1438f74d5246b_320.mp4,358,2000,
7DKd9U6m,Potti Pilla,Ram Miriyala,Balagam,https://c.saavncdn.com/000/Balagam-Telugu-2023-20230304184334-500x500.jpg,https://aac.saavncdn.com/000/847a3f57afa1827831dc1d8374efec2f_320.mp4,223,2023,
Vv39UvCz,Samayama (From &quot;Hi Nanna&quot;),Hesham Abdul WahabAnurag KulkarniSithara KrishnakumarAnantha Sriram,Samayama (From &quot;Hi Nanna&quot;),https://c.saavncdn.com/307/Samayama-From-Hi-Nanna-Telugu-2023-20230918164922-500x500.jpg,https://aac.saavncdn.com/307/a3f7b8cd383c95bad0310aca20e0c2a0_320.mp4,204,2023,
340DUs6P,Kannulatho Choosevi,A.R. RahmanNithyasree Mahadevan,Jeans,https://c.saavncdn.com/280/Jeans-1999-500x500.jpg,https://aac.saavncdn.com/280/30fd2989111cbc0991b057e8804a3e78_320.mp4,313,1999,
4tDxi6Qp,Adivo Alladivo,Annamayya KeerthanaS.P. Balasubrahmanyam,Annamayya,https://c.saavncdn.com/243/Annamayya-Telugu-1997-20221207194819-500x500.jpg,https://aac.saavncdn.com/243/50ff5eb018372cd103e9ce47dcf874d5_320.mp4,235,1997,
pTAOt0MG,Love Elephantla,Harris JayarajTippuG.V. Prakash KumarNakkhul,Aparichithudu,https://c.saavncdn.com/951/Aparichithudu-2005-500x500.jpg,https://aac.saavncdn.com/951/0d7a7c76c6f7253d2124be8a7f639261_320.mp4,347,2005,
5wwFmzKP,Nuvve Nuvve Kavalantundi,KotiK. S. Chithra,Nuvve Nuvve,https://c.saavncdn.com/312/Nuvve-Nuvve-2002-500x500.jpg,https://aac.saavncdn.com/312/b7f6f9bb21067eb568f3ac1b3af7ed8d_320.mp4,288,2002,
F4qkcPz5,Yedho,Yuvanshankar RajaS.P.B. Charan,Awaara,https://c.saavncdn.com/612/Awaara-Telugu-2013-500x500.jpg,https://aac.saavncdn.com/612/7ebc4f588f2cc83c056702a4095c2dc0_320.mp4,213,2010,
xWkUoLRP,Bheemla Nayak - Title Song,Thaman SPrudhvi ChandraRam Miriyala,Bheemla Nayak,https://c.saavncdn.com/000/Bheemla-Nayak-Telugu-2021-20220309213923-500x500.jpg,https://aac.saavncdn.com/000/74b50044a540a30aa0b5d2b14b12ac03_320.mp4,310,2021,
MtjGxEb-,The Wedding Song,Sunny M.R.Kapil Kapilan,Om Bheem Bush,https://c.saavncdn.com/000/Om-Bheem-Bush-Telugu-2024-20240401231417-500x500.jpg,https://aac.saavncdn.com/000/529bb07abbc4b0d0cc3638decdad8938_320.mp4,202,2024,
uD5LChAs,June Pothe,Harris JayarajArunKrish,Neevalle Neevalle,https://c.saavncdn.com/885/Neevalle-Neevalle-2007-500x500.jpg,https://aac.saavncdn.com/885/fd68d1f19ba3c41bee210e620ffb8a60_320.mp4,360,2007,
ISCVNN7z,Bhadra Shaila,M. M. KeeravaniHariharan,Sri Ramadasu,https://c.saavncdn.com/836/Sri-Ramadasu-2006-500x500.jpg,https://aac.saavncdn.com/836/f85f02134230eb32cf2577deb5fd6086_320.mp4,298,2006,
oSELHz4k,Rowdy Baby,DhanushM. M. Manasi,Maari 2 [Telugu],https://c.saavncdn.com/603/Maari-2-Telugu-Telugu-2018-20240515044720-500x500.jpg,https://aac.saavncdn.com/603/4e3b8a516377a433629600e04caa746e_320.mp4,281,2018,
l7RnvAs-,Idhe Kadha Nee Katha,Vijay Prakash,Maharshi,https://c.saavncdn.com/945/Maharshi-Telugu-2019-20190515163142-500x500.jpg,https://aac.saavncdn.com/945/b1732264459d1689c94d53545cf51634_320.mp4,168,2019,
rQmgs-nq,Diwali Deepaanni,KalyanAndrea Jeremiah,Dhada,https://c.saavncdn.com/200/Dhada-2011-500x500.jpg,https://aac.saavncdn.com/200/779971d24adb919a39c3eff61ced29ef_320.mp4,235,2011,
TEyRIuWN,Oh Prema,Vishal ChandrashekharKapil KapilanChinmayi,Sita Ramam (Telugu) (Original Motion Picture Soundtrack),https://c.saavncdn.com/041/Sita-Ramam-Telugu-Original-Motion-Picture-Soundtrack-Telugu-2022-20220802140738-500x500.jpg,https://aac.saavncdn.com/041/c55ae86ddae5a272460defed1fd8d404_320.mp4,208,2022,
khzngeF6,Manchu Kurise,IlaiyaraajaS. JanakiS.P. Balasubrahmanyam,Abhinandana,https://c.saavncdn.com/365/Abhinandana-2000-500x500.jpg,https://aac.saavncdn.com/365/c6c73152df0e78ae241092f8d3a8833b_320.mp4,246,2000,
S_ZKBhk7,Mathuga Mathuga,Kamal HaasanAnirudh Ravichander,Vikram Hitlist,https://c.saavncdn.com/666/Vikram-Hitlist-Telugu-2022-20220607175939-500x500.jpg,https://aac.saavncdn.com/666/257a960540d0942891934df041b1f433_320.mp4,211,2022,
ISa8eB2y,Ekkada Ekkada,Mani SharmaHariniS.P. Charan,Murari,https://c.saavncdn.com/678/Murari-2000-500x500.jpg,https://aac.saavncdn.com/678/5e174c04664f17e87af1443cb3a8690b_320.mp4,372,2000,
vIH8V1ZZ,Mustafa Mustafa,A.R. Rahman,Prema Desam,https://c.saavncdn.com/211/Prema-Desam-Telugu-1996-20180518-500x500.jpg,https://aac.saavncdn.com/211/aa8086288d54dd511c494ce400622e12_320.mp4,365,1996,
PsozCoC9,Nuvvu Yadhikosthe,Sravan DiamondBabbu,Nuvvu Yadhikosthe,https://c.saavncdn.com/945/Nuvvu-Yadhikosthe-Telugu-2022-20220728110217-500x500.jpg,https://cdn.pixabay.com/download/audio/2022/04/27/audio_6ebb6aaa24.mp3?filename=lofi-study-112191.mp3,228,2022,
yB-sQq2E,Prema Tholi Prema,S.A. Raj KumarUdit NarayanK. S. Chithra,Raja Babu,https://c.saavncdn.com/366/Raja-Babu-2006-500x500.jpg,https://aac.saavncdn.com/366/1debb1c00208c21a357ea4a29dcfe4e3_320.mp4,285,2006,
eHFVmwq9,Nachave Nizam Pori,Devi Sri PrasadAdnan SamiSunitha Rao,Varsham,https://c.saavncdn.com/449/Varsham-2003-500x500.jpg,https://aac.saavncdn.com/449/77585aa783a822b0e0d68d38a59d90d6_320.mp4,252,2003,
5D1DJfCp,Anitha O Anitha,nan,Yadhartha Premakatha,https://c.saavncdn.com/392/Yadhartha-Premakatha-2011-500x500.jpg,https://aac.saavncdn.com/392/e8ff569bf279061bfac3ddcd0ba7b2f7_320.mp4,309,2011,
PyjMVMBi,Nijanga Nenena,Karthik,Kotha Bangaru Lokam,https://c.saavncdn.com/112/Kothabangarulokam-2008-500x500.jpg,https://aac.saavncdn.com/112/d260202e2a68c0048649c5c72fa2e2f3_320.mp4,320,2008,
Bh2bEU01,Paalakolla Papa,S.P. BalasubrahmanyamK. S. Chithra,Bobbili Simham,https://c.saavncdn.com/657/Bobbili-Simham-Telugu-1995-500x500.jpg,https://cdn.pixabay.com/download/audio/2022/02/07/audio_13f9618d7f.mp3?filename=whip-110235.mp3,306,1994,
wbk-EYUA,Sainika,Vishal Dadlani,Naa Peru Surya Naa Illu India,https://c.saavncdn.com/416/Naa-Peru-Surya-Naa-Illu-India-Telugu-2018-20180422-500x500.jpg,https://aac.saavncdn.com/416/062260db64c212b059edd57611956706_320.mp4,260,2018,
VHsjFjGM,Anaganaganaga,Armaan Malik,Aravindha Sametha,https://c.saavncdn.com/260/Aravindha-Sametha-Telugu-2018-20181031-500x500.jpg,https://aac.saavncdn.com/260/791ab2dc4d0b04de8393fd55c3b5d990_320.mp4,287,2018,
hGoIZYy0,Seethakaalam,Yazin Nizar1080g (Rap),S/O Satyamurthy,https://c.saavncdn.com/571/S-O-Satyamurthy-Telugu-2015-500x500.jpg,https://aac.saavncdn.com/571/ded58cfd60c4d2496504a922eb3f0bec_320.mp4,264,2015,
wHcJxIHB,Atu Nuvve,Devi Sri PrasadNeha Bhasin,Current,https://c.saavncdn.com/314/Current-2009-500x500.jpg,https://aac.saavncdn.com/314/00c87f3b64d05ff4206826e9ccc533c1_320.mp4,303,2009,
qSTMHBTM,Ee Hridayam,Vijay PrakashSuzanne D'MelloA.R. RahmanBlaaze,Yemaaya Chesave,https://c.saavncdn.com/596/Yemaaya-Chesave-Telugu-2010-20190822154149-500x500.jpg,https://aac.saavncdn.com/596/6b986111bc9087843cea768c1e0f920d_320.mp4,333,2010,
tdm3T4Kg,Pallavinchu Toli,S.A. Raj KumarK. S. Chithra,Raja,https://c.saavncdn.com/358/Raja-2000-500x500.jpg,https://aac.saavncdn.com/358/50d95de2bb1e1aee66fcf59c24427d6e_320.mp4,256,2000,
GuQm_6ak,Neelo Valapu,A.R. RahmanVijay PrakashShreya Ghoshal,Robo,https://c.saavncdn.com/463/Robot-Telugu-2010-500x500.jpg,https://aac.saavncdn.com/304/9ab9959063596dd6e487a9ffee7a9320_320.mp4,344,2010,
MJY5_3_S,Jwala Reddy,Shankar BabuMangli Satyavathi,Seetimaarr,https://c.saavncdn.com/000/Seetimaarr-Telugu-2021-20210825165343-500x500.jpg,https://aac.saavncdn.com/null/934439e9473fb0240ae6c727683df225_320.mp4,245,2021,
gWpEomB-,Ninnele,Anurag KulkarniShreya Ghoshal,Radhe Shyam,https://c.saavncdn.com/292/Radhe-Shyam-Telugu-2022-20220312141038-500x500.jpg,https://aac.saavncdn.com/292/9b7e1b9d5d3b86fc2617ed8ce68f4f3a_320.mp4,240,2022,
IKVgdCZz,Malli Malli Raani Roju,Saicharan Bhaskaruni,MAD,https://c.saavncdn.com/000/MAD-Telugu-2023-20231004152950-500x500.jpg,https://aac.saavncdn.com/557/334d4aae5ba4f045b0d922c5301d9e0c_320.mp4,174,2023,
B5XNg5kk,Nammaka Tappani,Devi Sri PrasadSagar,Bommarillu,https://c.saavncdn.com/843/Bommarillu-2000-500x500.jpg,https://aac.saavncdn.com/843/7c481f8b891d25ed2bd1a588367e6e1b_320.mp4,273,2000,
386m9XK0,Rakaasi Rakaasi,S. ThamanJr. N.T.R.,Rabhasa,https://c.saavncdn.com/612/Rabhasa-Telugu-2014-500x500.jpg,https://aac.saavncdn.com/612/fa5be97d507c0e119f6e4873b8dfa17f_320.mp4,251,2014,
fO7u0x1-,Vaaji Vaaji,HariharanMadhusreeChorus,Sivaji The Boss,https://c.saavncdn.com/520/Sivaji-The-Boss-Telugu-2023-20230915172049-500x500.jpg,https://aac.saavncdn.com/520/e3a6c500df0a4174625e0aa055781684_320.mp4,346,2023,
KtXiKIKb,Praanam Naa Praanam,Devi Sri PrasadKapil KapilanRanina Reddy,Rathnam,https://c.saavncdn.com/000/Rathnam-Telugu-2024-20240429175946-500x500.jpg,https://aac.saavncdn.com/000/86dd35fa3e9395c5031722905ee3c76b_320.mp4,185,2024,
wOkjzXmr,Ninu Choodaka,S.A. Raj KumarHariharan,Vasantham,https://c.saavncdn.com/468/Vasantham-2003-500x500.jpg,https://aac.saavncdn.com/468/d783d1b768bc5e0becb40f688332cd26_320.mp4,312,2003,
DkPfdWj5,Naruda O Naruda,Madhavapeddi SureshS. Janaki,Bhairava Dweepam,https://c.saavncdn.com/928/Bhairava-Dweepam-2000-500x500.jpg,https://aac.saavncdn.com/928/21e7323324a02dc7ae20d6aef58add3a_320.mp4,274,1994,
9uEM7wcY,Bujji Bujji Ganapayya,Jangi Reddy,Bujji Bujji Ganapayya,https://c.saavncdn.com/032/Bujji-Bujji-Ganapayya-Telugu-2021-20210715122643-500x500.jpg,https://aac.saavncdn.com/032/c8c9fc73b3c06fdbe9475d6717efb2b8_320.mp4,299,2021,
wTx-3uEt,Gangu Leader,Anirudh Ravichander,Gang Leader,https://c.saavncdn.com/663/Gang-Leader-Telugu-2019-20190905102749-500x500.jpg,https://aac.saavncdn.com/663/10605438d97628f24f7e9dc47e549ef3_320.mp4,200,2019,
x-bry8Li,Kannepettaro Kannu Kottaro,Raj-KotiK. S. ChithraS.P. Balasubrahmanyam,Hello Brother,https://c.saavncdn.com/814/Hello-Brother-2000-500x500.jpg,https://aac.saavncdn.com/814/6805abde3e0ed4e201c7d25563c4c09a_320.mp4,282,1994,
xda5T2B6,Oka Kalalaa,Sunny M.R.,Om Bheem Bush,https://c.saavncdn.com/000/Om-Bheem-Bush-Telugu-2024-20240401231417-500x500.jpg,https://aac.saavncdn.com/000/4e0dc6ccdcf3b1acbeb8bc785d475462_320.mp4,242,2024,
mt4PV_5H,Kailove Chedugudu,A.R. Rahman,Sakhi,https://c.saavncdn.com/586/Sakhi-Telugu-2000-500x500.jpg,https://aac.saavncdn.com/586/f1d1882bb8c17529d9ff5de22180c632_320.mp4,278,2000,
8PMCC7nP,Adigi Adagaleka,ChakriKarthikSujatha Mohan,Devadasu,https://c.saavncdn.com/043/Devadasu-2000-500x500.jpg,https://aac.saavncdn.com/043/60671f4ac928b09ac427afa95b510da8_320.mp4,317,2000,
wpt2sSGX,Darshana,Anurag KulkarniChaitan Bharadwaj,Vinaro Bhagyamu Vishnu Katha,https://c.saavncdn.com/000/Vinaro-Bhagyamu-Vishnu-Katha-Telugu-2022-20230217150407-500x500.jpg,https://aac.saavncdn.com/000/ce729560d0ff2fb02a755b2cfea4bd13_320.mp4,218,2022,
Fe9Pn1V2,Mee Intiki Mundhu,Devi Sri PrasadRanina ReddySagar,Julai,https://c.saavncdn.com/818/Julai-2012-500x500.jpg,https://aac.saavncdn.com/818/cd82328fe22575bf433dabd028ccd3a0_320.mp4,230,2012,
7RSsQPqt,Neeli Meghamanthata (From &quot;Neeli Megha Shyama&quot;),KarthikShravan Bharadwaj,Neeli Meghamanthata (From &quot;Neeli Megha Shyama&quot;),https://c.saavncdn.com/185/Neeli-Meghamanthata-From-Neeli-Megha-Shyama-Telugu-2024-20240620121100-500x500.jpg,https://aac.saavncdn.com/185/3723a2a69d70f84aa71b63fa99d463bf_320.mp4,235,2024,
GVmKp-Pq,Mirchi,Devi Sri PrasadChinnaponnu,Mirchi,https://c.saavncdn.com/500/Mirchi-2013-500x500.jpg,https://aac.saavncdn.com/500/716bcf956810be984dea8ed96ec70149_320.mp4,83,2013,
Xm_w5Hyh,Aarambhame Le,Anirudh RavichanderSrinidhi Venkatesh,Jersey,https://c.saavncdn.com/623/Jersey-Telugu-2019-20190427102305-500x500.jpg,https://aac.saavncdn.com/623/6ab5922c19ce2ecdf406180a52f95c77_320.mp4,114,2019,
RL85wNXA,Evare Nuvvu,Yuvan Shankar RajaHarish Raghavendra,Rajubhai,https://c.saavncdn.com/509/Rajubhai-2000-500x500.jpg,https://aac.saavncdn.com/509/2547cea6ab51f8aaa3687308f5c76cad_320.mp4,252,2000,
pRDkx3Nz,Allalla Regu,Usha Munukutla,Allalla Regu,https://c.saavncdn.com/189/Allalla-Regu-Telugu-2024-20240408125430-500x500.jpg,https://aac.saavncdn.com/189/bb1f4685870661080d399114fd8c01a0_320.mp4,313,2024,
F66VWTOy,Aakasam Badhalaina,Devi Sri PrasadMeghaSagar,Mr. Perfect,https://c.saavncdn.com/358/Mr-Perfect-2011-500x500.jpg,https://aac.saavncdn.com/358/6ed325ceb1888a149ba4d19f7e08af65_320.mp4,249,2011,
jno1P1e7,Ghal Ghal (Akasam Thakela),S.P. Balasubrahmanyam,Nuvvostanante Nenoddantana,https://c.saavncdn.com/347/Nuvvostanante-Nenoddantana-Telugu-2014-20181121-500x500.jpg,https://aac.saavncdn.com/347/56503bc98c59c98dc574419c5541c4e4_320.mp4,319,2014,
5GU-TVe5,Darlingey,Devi Sri PrasadGeetha Madhuri,Mirchi,https://c.saavncdn.com/500/Mirchi-2013-500x500.jpg,https://aac.saavncdn.com/500/23a4b86cea006f526b8a9f4530a1be71_320.mp4,224,2013,
tJXBtSM4,Baby He Loves You,Devi Sri Prasad,Aarya - 2,https://c.saavncdn.com/298/Aarya-2-Telugu-2009-20190822135933-500x500.jpg,https://aac.saavncdn.com/298/4527beb139f05613165f4cde43ade0aa_320.mp4,321,2009,
qVkULvdc,Ee Velalo Neevu,Sunitha Upadrasta,Gulabi,https://c.saavncdn.com/210/Gulabi-Telugu-1995-20180518-500x500.jpg,https://aac.saavncdn.com/210/061f842df995339c40d2fc71e93b386a_320.mp4,260,1995,
nrkF7yc2,Pattu Pattu,Devi Sri PrasadSumangaliManikka Vinayagam,Shankar Dada M.B.B.S.,https://c.saavncdn.com/857/Shankerdada-M-B-B-S-2000-500x500.jpg,https://aac.saavncdn.com/857/fa20c8198c9fce897815b5dbeeb0b881_320.mp4,310,2000,
pETnCteW,Bad Boyz,Thaman SPriya HemeshGeetha Madhuri,Businessman,https://c.saavncdn.com/033/Businessman-Telugu-2011-500x500.jpg,https://aac.saavncdn.com/033/d52ff35e27b616a1266e875d7ba7e936_320.mp4,228,2011,
irgqJdd2,Suprabhatam,Nitya SantoshiniShashi Kala Swami,Sri Venkateswara Suprabhatam,https://c.saavncdn.com/094/Sri-Venkateswara-Suprabhatam-2013-500x500.jpg,https://aac.saavncdn.com/094/db209f1a45e25d63e47141ae0afc8cdd_320.mp4,1297,2013,
p8PsZL3I,Chethilona Cheyyesi,M. M. Keeravani,Telugu Romantic Film Hits,https://c.saavncdn.com/873/Telugu-Romantic-Film-Hits-Telugu-2015-500x500.jpg,https://cdn.pixabay.com/download/audio/2022/02/07/audio_13f9618d7f.mp3?filename=whip-110235.mp3,308,2015,
JIf5oN0_,Telusuna,Devi Sri PrasadK. S. Chithra,Sontham,https://c.saavncdn.com/393/Sontham-2002-500x500.jpg,https://aac.saavncdn.com/393/1d212d4b65c4a5dc22e8be5a5f775bc4_320.mp4,277,2002,
d95w0tj7,Jorse Jorse,M. M. KeeravaniDaler MehndiGeetha Madhuri,Magadheera,https://c.saavncdn.com/896/Magadheera-2009-500x500.jpg,https://aac.saavncdn.com/896/a9dee52b4d9066567b4c907fb5eb5a17_320.mp4,281,2009,
WpgBGpgm,Truth On The Wall,B. Ajaneesh Loknath,Mangalavaaram - OST,https://c.saavncdn.com/112/Mangalavaaram-OST-Telugu-2024-20240427083457-500x500.jpg,https://aac.saavncdn.com/112/3d993bb1113b8eadc99bfcb0e17dc869_320.mp4,118,2024,
ssffXxWc,Devudu Karunisthadani,Sandeep ChowtaRajeshAnuradha Sriram,Prema Katha,https://c.saavncdn.com/498/Prema-Katha-2000-500x500.jpg,https://aac.saavncdn.com/498/422af3c41d115b57823cdde92dbf828e_320.mp4,300,2000,
GPk_8OBf,Poovullo Daagunna,nan,Jeans,https://c.saavncdn.com/280/Jeans-1999-500x500.jpg,https://aac.saavncdn.com/280/6a27fc5356e568f5172ee46643d40bfd_320.mp4,417,1999,
7Bpp4rDw,Naa Manusukemayindi,KotiUdit NarayanNithya Santhoshini,Nuvve Nuvve,https://c.saavncdn.com/312/Nuvve-Nuvve-2002-500x500.jpg,https://aac.saavncdn.com/312/eec35f6f68bb98508b02b155dfff11f9_320.mp4,288,2002,
Lc3wx7EQ,Nee Jathaga,Devi Sri PrasadKarthikShreya Ghoshal,Yevadu,https://c.saavncdn.com/565/Yevadu-2013-500x500.jpg,https://aac.saavncdn.com/565/bf6989fca0e7cccdd4dc15e83ac1d9fb_320.mp4,275,2013,
XR8DTDDe,Ekkadiki Nee Parugu,S.P. BalasubrahmanyamSujatha MohanM.M. Sreelekha,W/o V. Vara Prasad,https://c.saavncdn.com/302/W-o-V-Vara-Prasad-Telugu-1998-20180921-500x500.jpg,https://aac.saavncdn.com/302/362ad06862cdbc8daa299b872fee283a_320.mp4,328,1998,
spxqKXN9,Dhum Dhum,Team TDP,Dhum Dhum,https://c.saavncdn.com/321/Dhum-Dhum-Telugu-2024-20240524092341-500x500.jpg,https://aac.saavncdn.com/321/ea3767e3667b7892038e891924cc405c_320.mp4,212,2024,
X-Q58gQr,Dheera Dheera,M. M. KeeravaniNikita Nigam,Magadheera,https://c.saavncdn.com/896/Magadheera-2009-500x500.jpg,https://aac.saavncdn.com/896/7c33d7a491f0963f0fbc52fff4ae3e40_320.mp4,291,2009,
aTxgWt7V,Langa Voni,Devi Sri PrasadTippuUsha,Varsham,https://c.saavncdn.com/449/Varsham-2003-500x500.jpg,https://aac.saavncdn.com/449/3522009cba6f4b7be84e1418d13817d9_320.mp4,234,2003,
Sub3YcVT,O Manasa O Manasa,Devi Sri PrasadRavi Varma,Bhadra,https://c.saavncdn.com/831/Bhadra-2005-500x500.jpg,https://aac.saavncdn.com/831/9fb9e768e4b65ee0c6387e2236ffbcb3_320.mp4,243,2005,
UQFhsm4C,Eswara,Devi Sri Prasad,Uppena,https://c.saavncdn.com/587/Uppena-Telugu-2020-20210218155246-500x500.jpg,https://aac.saavncdn.com/587/53b33149974963099458955fddb89031_320.mp4,208,2020,
bhTogmhU,Dimaak Kharaab,Keerthana SharmaSaketh,Ismart Shankar,https://c.saavncdn.com/213/Ismart-Shankar-Telugu-2019-20190711134004-500x500.jpg,https://aac.saavncdn.com/137/46d89092df497d0c85e8d627bd08f612_320.mp4,280,2019,
jWcZ0-E4,Gulabi Kallu Rendu Mullu,Yuvan Shankar RajaJaved Ali,Govindudu Andarivaadele,https://c.saavncdn.com/281/Govindudu-Andarivaadele-Telugu-2014-500x500.jpg,https://aac.saavncdn.com/281/1eb58d61577901faaacbbb714f6c7297_320.mp4,263,2014,
ZHj2VGGM,Aa Ante,RanjithMalathi,Aarya,https://c.saavncdn.com/044/Aarya-2004-500x500.jpg,https://aac.saavncdn.com/044/5bfd4bc7ff7d7dc8a439275acf8dddaf_320.mp4,306,2004,
pDdAgQT_,Ela Ela Naalo,Yuvan Shankar RajaHaricharanShweta Pandit,Panjaa,https://c.saavncdn.com/209/Panjaa-2011-500x500.jpg,https://aac.saavncdn.com/209/e849c0359c726d5c34af4167911d6e08_320.mp4,307,2011,
OGILP8jb,Kanulanu Thaake,Anup RubensArijit Singh,Manam,https://c.saavncdn.com/849/Manam-Telugu-2014-500x500.jpg,https://aac.saavncdn.com/849/ae207d01684a6bd367dc754c1e661d89_320.mp4,294,2014,
5bAClX8H,Deo Deo,Geetha MadhuriRaghu RamBheems Cecirolio,PSV Garudavega,https://c.saavncdn.com/396/PSV-Garudavega-Telugu-2019-20191031223859-500x500.jpg,https://cdn.pixabay.com/download/audio/2022/02/07/audio_13f9618d7f.mp3?filename=whip-110235.mp3,236,2019,
Xy2wHDPB,Noppi Noppi,Mani SharmaNaveen,Pokiri,https://c.saavncdn.com/082/Pokiri-2006-500x500.jpg,https://aac.saavncdn.com/082/e95cbed61e1aa907f15b4304d494759b_320.mp4,271,2006,
C7jfr1yY,Jaishambo,Vidhya SagarTippuMirchi AjayDharani,Bangaram,https://c.saavncdn.com/385/Bangaram-2006-500x500.jpg,https://aac.saavncdn.com/385/3e6d46631473d864725f13127165d9f7_320.mp4,248,2006,
WSeuF18H,Naa Pere Kanchanamaala,Devi Sri PrasadKarthikMalathi Sharma,Shankar Dada M.B.B.S.,https://c.saavncdn.com/857/Shankerdada-M-B-B-S-2000-500x500.jpg,https://aac.saavncdn.com/857/7495ae7fbbe52f349f2015e0a6d7501c_320.mp4,321,2000,
vjy_jZa9,Nuvvu Naatho Emannavo,S. P. Balasubrahmanyam,Disco Raja,https://c.saavncdn.com/950/Disco-Raja-Telugu-2019-20220827063633-500x500.jpg,https://aac.saavncdn.com/950/251ec053fe101c17daf59b84d2ba7c26_320.mp4,341,2019,
FJ8l6JwW,Arere Yekkada,Naresh IyerManisha Eerabathini,Nenu Local,https://c.saavncdn.com/896/Nenu-Local1-Telugu-2017-500x500.jpg,https://aac.saavncdn.com/896/8840d83f9eab7c9d6a73dc0499ba30ca_320.mp4,236,2017,
fP6gPnjT,Niharika,Devi Sri PrasadVijay PrakashNeha Bhasin,Oosaravelli,https://c.saavncdn.com/678/Oosaravelli-2011-500x500.jpg,https://aac.saavncdn.com/678/1507395d8d432c9435f67f1b7e878ce6_320.mp4,258,2011,
Sm09IkTa,Naa Manasu Neelo,Devi Sri PrasadSharmila,Nannaku Prematho,https://c.saavncdn.com/304/Nannaku-Prematho-Telugu-2015-500x500.jpg,https://aac.saavncdn.com/304/b7646e6f3b56fdc42b8bf654ca52c01d_320.mp4,261,2015,
YozdxlQd,Pareshanayya,A.R. RahmanVijay PrakashNeeti Mohan,I - Manoharudu (Original Motion Picture Soundtrack),https://c.saavncdn.com/364/I-Manoharudu-Telugu-2014-20190914115023-500x500.jpg,https://aac.saavncdn.com/364/8d7c044c202370e6f358bd69393792ab_320.mp4,305,2014,
neSYgTvC,Danger Pilla,Armaan Malik,Extra - Ordinary Man,https://c.saavncdn.com/000/Extra-Ordinary-Man-Telugu-2023-20231205173534-500x500.jpg,https://aac.saavncdn.com/000/79f9c154e9bfe73b6fa9507f897b382f_320.mp4,266,2023,
bwkNa-X7,Yedhane Koiyakae,Bhargavi PillaiHarris JayarajKrishBenny Dayal,Surya S/o Krishnan,https://c.saavncdn.com/182/Surya-S-o-Krishnan-Telugu-2008-20190822124405-500x500.jpg,https://aac.saavncdn.com/182/6e6fe251d8ed72d9d8f66c8b9a61695d_320.mp4,314,2008,
PR1Op4I4,Evvari vadalla,Hanmanth YadavVEENA SINGER,Evvari vadalla,https://c.saavncdn.com/533/Evvari-vadalla-Telugu-2023-20231102115200-500x500.jpg,https://aac.saavncdn.com/533/36f7b5817061809cbc5a7c75dea6d0ff_320.mp4,197,2023,
6NT6oo5O,Nee Navvula,Mani SharmaSunithaMallikarjun,Aadi,https://c.saavncdn.com/491/Aadi-2000-500x500.jpg,https://aac.saavncdn.com/491/19c451d04febad14ce64ca350b6eabbe_320.mp4,283,2000,
YToXCWZb,Yamaho Nee,IlaiyaraajaS. JanakiS.P. Balasubrahmanyam,Jagadekaveerudu Athiloka Sundari,https://c.saavncdn.com/414/Jagadekaveerudu-Athiloka-Sundari-2000-500x500.jpg,https://aac.saavncdn.com/414/720cb3a73baf6b39c0bbff845fbaa671_320.mp4,269,1990,
sMUdmity,Oke Oka Jeevitham,Yuvan Shankar RajaHaricharan,Mr. Nookayya,https://c.saavncdn.com/357/Mr-Nookayya-2012-500x500.jpg,https://aac.saavncdn.com/357/fda8030b77a91ac090e16403705f72ea_320.mp4,363,2012,
zh7RiPmB,Emaindhi Eevela,Yuvan Shankar RajaUdit Narayan,Aadavari Matalaku Ardhalu Veruley,https://c.saavncdn.com/483/Aadavari-Matalaku-Ardhalu-Veruley-2007-500x500.jpg,https://aac.saavncdn.com/483/82a2b6f8386ee29ae2eceff2770090e3_320.mp4,320,2007,
m1ZnSzhJ,O Pilla Shubhanalla,Vijay PrakashShreya Ghosal,Sardaar Gabbar Singh,https://c.saavncdn.com/027/Sardaar-Gabbar-Singh-Telugu-2016-20230430081747-500x500.jpg,https://cdn.pixabay.com/download/audio/2022/03/15/audio_c8c8a73467.mp3?filename=fun-life-112188.mp3,272,2016,
lv9QckeU,Madhuramu Kadha,Shreya Ghoshal,The Family Star,https://c.saavncdn.com/643/The-Family-Star-Telugu-2024-20240404141043-500x500.jpg,https://aac.saavncdn.com/643/bb5f0e29241b7ad6ee08d09781664ea4_320.mp4,249,2024,
zuyNOEol,Manasa Manasa,Sid Sriram,Most Eligible Bachelor,https://c.saavncdn.com/586/Most-Eligible-Bachelor-Telugu-2020-20211011224715-500x500.jpg,https://aac.saavncdn.com/586/765d8d3b799bad78637d24763f06caba_320.mp4,253,2020,
Rck2OvuQ,Osi Pellama,Hesham Abdul WahabRahul SipligunjSaketh Komanduri,Kushi (Telugu),https://c.saavncdn.com/679/Kushi-Telugu-Telugu-2024-20240427063438-500x500.jpg,https://aac.saavncdn.com/679/ebe11da010e94c4b4c72192829841b03_320.mp4,218,2024,
Td2tJK_Y,Le Le Lele,Mani SharmaKK,Gudumba Shankar,https://c.saavncdn.com/495/Gudumba-Shankar-2004-500x500.jpg,https://aac.saavncdn.com/495/d61c9f6d7009a71949de9ea531259fdb_320.mp4,354,2004,
yWdKpTMc,Hey Naayak,Thaman SShreya GhoshalNaveen Madhav,Naayak,https://c.saavncdn.com/680/Naayak-2012-500x500.jpg,https://aac.saavncdn.com/680/2118ab9a7ac9832315bc14a928dd54d4_320.mp4,278,2012,
JWx5E6Yh,Putthadi Bommaku Siggalu,S.P. BalasubrahmanyamK. S. Chithra,Allari Premikudu,https://c.saavncdn.com/633/Allari-Primikudu-Telugu-1994-500x500.jpg,https://cdn.pixabay.com/download/audio/2022/04/27/audio_6ebb6aaa24.mp3?filename=lofi-study-112191.mp3,308,1994,
8K_JuHlR,Padara Padara,Shankar Mahadevan,Maharshi,https://c.saavncdn.com/945/Maharshi-Telugu-2019-20190515163142-500x500.jpg,https://aac.saavncdn.com/945/b90566f8c59297342be053c1f71332e4_320.mp4,290,2019,
AbduG7b_,Chakkani Bike Undi,Devi Sri PrasadMeghaTippu,Julai,https://c.saavncdn.com/818/Julai-2012-500x500.jpg,https://aac.saavncdn.com/818/23e9b0aff145d2ed46e2ca2965dcdd58_320.mp4,243,2012,
xJ62iw-Z,Girl Friend,A.R. RahmanKarthikTippuTimmy,Boys,https://c.saavncdn.com/889/Boys-2003-500x500.jpg,https://aac.saavncdn.com/889/b8c369d8d97f46e3db0d30808164f0e6_320.mp4,307,2003,
ytOtk-Iy,Ee Chota Nuvvunna,RajeshNanditha,Johnny,https://c.saavncdn.com/718/Johnny-2003-500x500.jpg,https://aac.saavncdn.com/718/22a0aa4429ced948104f9b23a199163d_320.mp4,250,2003,
Cmccn2qn,Vinnapalu Vinavle,Annamayya KeerthanaS.P. BalasubrahmanyamRenukaSrilekha,Annamayya,https://c.saavncdn.com/243/Annamayya-Telugu-1997-20221207194819-500x500.jpg,https://aac.saavncdn.com/243/cabba5ccd5ebfaac2af9d667824e42ee_320.mp4,245,1997,
SAVw2JqJ,Hey Pillagaada,Sinduri VishalSinov Raj,Fidaa,https://c.saavncdn.com/904/Fidaa-Telugu-2017-500x500.jpg,https://aac.saavncdn.com/904/d92507c33a3a123636fe57a004f5eee5_320.mp4,248,2017,
eDnTIc7g,Varinche Prema,Gopi SunderHaricharan,Malli Malli Idi Rani Roju,https://c.saavncdn.com/970/Malli-Malli-Idi-Rani-Roju-Telugu-2014-500x500.jpg,https://aac.saavncdn.com/970/cd65511d3bfe7c6cab51def1688d547e_320.mp4,270,2014,
0C9dFUaq,Suswagatham,HariharanK. S. Chithra,Suswagatham,https://c.saavncdn.com/600/Suswagatham-2003-500x500.jpg,https://aac.saavncdn.com/600/d869bfadf5384628efbc881953338659_320.mp4,256,1998,
MJ_ENddv,Cheema Cheema,S.P.B. CharanGangaM.M. Keeravani,Simhadri,https://c.saavncdn.com/748/Simhadri-Telugu-2003-500x500.jpg,https://aac.saavncdn.com/748/69894fefc4b642f2c4a6808d3cf50794_320.mp4,271,2003,
cp_34ylZ,Monna Kanipinchavu,PrashanthiniHarris JayarajNaresh Iyer,Surya S/o Krishnan,https://c.saavncdn.com/182/Surya-S-o-Krishnan-Telugu-2008-20190822124405-500x500.jpg,https://aac.saavncdn.com/182/8e86a781cdd7ffd7db54334246884d65_320.mp4,341,2008,
8NkZZ-OU,Choododde Nannu,Devi Sri PrasadTippuSumangali,Aaru,https://c.saavncdn.com/030/Aaru-2000-500x500.jpg,https://aac.saavncdn.com/030/7d66482357df5eecc5b7deb062573f6e_320.mp4,262,2000,
2YlfJoOU,Keeravani,IlaiyaraajaS.P. BalasubrahmanyamS. Janaki,Anveshana,https://c.saavncdn.com/548/Anveshana-Telugu-1985-500x500.jpg,https://aac.saavncdn.com/548/794eb1936b383f9e0bcfc896a7343c06_320.mp4,265,1985,
-2OC0xJ3,Ee Raathale,Yuvan Shankar RajaHarini Ivaturi,Radhe Shyam,https://c.saavncdn.com/292/Radhe-Shyam-Telugu-2022-20220312141038-500x500.jpg,https://aac.saavncdn.com/292/dd019ae4f29f0ab2b681ccfa8f9acda0_320.mp4,232,2022,
KjfHRLhE,Sri Venkateshwara Suprabhatham,M. S. Subbulakshmi,Sri Venkateshwara Suprabhatham Ms Subbulakshmi,https://c.saavncdn.com/753/Sri-Venkateshwara-Suprabhatham-Ms-Subbulakshmi-2005-500x500.jpg,https://aac.saavncdn.com/753/f237006c2ddbcfc946cb8405a32fbb1d_sar_320.mp4,1245,2005,
nvi6G7Sa,Nuvvu Vijilesthey,TippuK. S. ChithraM.M. Keeravani,Simhadri,https://c.saavncdn.com/748/Simhadri-Telugu-2003-500x500.jpg,https://aac.saavncdn.com/748/ca91542426875c4cfdc55a0b958ad4be_320.mp4,275,2003,
P419M0Wn,Ye Vaipuga,Suchith Suresan,Orange,https://c.saavncdn.com/105/Orange-Telugu-2006-20210624180302-500x500.jpg,https://aac.saavncdn.com/105/e4290c2c312f142e70ed91f0bc6bbc25_320.mp4,87,2010,
rRF2pPRI,Surviva,Anirudh RavichanderYogi BRanjithMali,Vivekam (Original Motion Picture Soundtrack),https://c.saavncdn.com/917/Vivekam-Telugu-2017-20170816090409-500x500.jpg,https://aac.saavncdn.com/917/0eba0b7126a376f22646b9fe80e06e6b_320.mp4,222,2017,
yLtxUYhX,Atto Attamma,KotiK. S. ChithraS.P. Balasubrahmanyam,Alluda Mazaka,https://c.saavncdn.com/055/Alluda-Mazaka-2000-500x500.jpg,https://aac.saavncdn.com/055/3105bcdbbfdb09f400087d69899b8871_320.mp4,274,2000,
WjogCmuG,Chinnadamme Cheekulu,ManoShreya GhoshalM.M. Keeravani,Simhadri,https://c.saavncdn.com/748/Simhadri-Telugu-2003-500x500.jpg,https://aac.saavncdn.com/748/bbbfb38963118fb1fec2cc6ad331011f_320.mp4,303,2003,
0cmE3_Gf,Ayyayyayyo,Sid Sriram,Aakasa Veedhullo,https://c.saavncdn.com/blob/461/Aakasa-Veedhullo-Telugu-2022-20220906120701-500x500.jpg,https://aac.saavncdn.com/550/e6762232b8d70f52a457ac4f4f7e0659_320.mp4,179,2022,
6i0TdJsY,Priyathama,R.P. PatnaikUsha,Jayam,https://c.saavncdn.com/240/Jayam-2002-500x500.jpg,https://aac.saavncdn.com/240/2b9768260504b2194b9964759eaeb3ef_320.mp4,305,2002,
FTdmQ-Wt,Gongoora Thota,Pushpavanam KuppusamyKalpana,Venky,https://c.saavncdn.com/955/Venky-Telugu-2004-20220222192318-500x500.jpg,https://aac.saavncdn.com/955/a4840e59d96c8b15a35a889d48883136_320.mp4,291,2004,
CkwnK9VO,Jagananna Agenda DJ,Jagananna Connects,Jagananna Agenda DJ,https://c.saavncdn.com/406/Jagananna-Agenda-DJ-Telugu-2024-20240506201440-500x500.jpg,https://aac.saavncdn.com/406/7511ee42d7e40741318d3937eebdb4c4_320.mp4,263,2024,
9Qj7qAuJ,Athey Nanne,Harris JayarajV.V. PrassannaKarthik,Surya S/o Krishnan,https://c.saavncdn.com/182/Surya-S-o-Krishnan-Telugu-2008-20190822124405-500x500.jpg,https://aac.saavncdn.com/182/4a7b26c7cb9db405f317335a45de025d_320.mp4,317,2008,
1S3QL1bi,Vachchindhi,S.A. Raj KumarSwarnalathaS.P. Balasubrahmanyam,Kalisundham Raa,https://c.saavncdn.com/563/Kalisundham-Raa-2000-500x500.jpg,https://aac.saavncdn.com/563/a1b7e9a17b5fad949fadb81f95844f02_320.mp4,253,2000,
dYU3XIIp,Khalasay (From &quot;Darling&quot;),Kasarla ShyamRam MiriyalaHanuman ChVivek Sagar,Khalasay (From &quot;Darling&quot;),https://c.saavncdn.com/556/Khalasay-From-Darling-Telugu-2024-20240620113612-500x500.jpg,https://aac.saavncdn.com/556/e7bc164d792992d3de9c077ca8586af0_320.mp4,216,2024,
10x55KkE,Nanne Nanne,Harris JayarajTippuPop Shalini,Gharshana (New),https://c.saavncdn.com/944/Gharshana-New-2004-500x500.jpg,https://aac.saavncdn.com/944/a55d23760b3ac899026c9c309ba398bd_320.mp4,355,2004,
Ff5WTWH5,Emone,Vijai BulganinAditi Bhavaraju,Emone,https://c.saavncdn.com/889/Emone-Telugu-2023-20230116154109-500x500.jpg,https://aac.saavncdn.com/889/4295170d51787b21954a5f699c944e3b_320.mp4,328,2023,
VHRMNLZv,Podagantimayya,Annamayya KeerthanaS.P. Balasubrahmanyam,Annamayya,https://c.saavncdn.com/243/Annamayya-Telugu-1997-20221207194819-500x500.jpg,https://aac.saavncdn.com/243/81a09914c295bb7e7f16a145dee7e6e8_320.mp4,248,1997,
hdIa3f8H,Sweety,Rabbit MacSiddharth Mahadevan,Race Gurram,https://c.saavncdn.com/483/Race-Gurram-Telugu-2014-20231017181522-500x500.jpg,https://aac.saavncdn.com/483/f2ee8a890f18c17c7f8e245950369f4d_320.mp4,265,2014,
ahoFQFAU,Konge Jaari Pothunde,S.P. BalasubrahmanyamK. S. Chithra,Gharana Alludu,https://c.saavncdn.com/749/Gharana-Alludu-Telugu-1994-500x500.jpg,https://cdn.pixabay.com/download/audio/2022/04/27/audio_6ebb6aaa24.mp3?filename=lofi-study-112191.mp3,305,1994,
vo1aG5EE,Pareshanura,PadmalathaVishnu Priya,Dhruva,https://c.saavncdn.com/889/Dhruva-Telugu-2016-500x500.jpg,https://aac.saavncdn.com/889/1c7d643af1703141a51ab7bd50247ae4_320.mp4,193,2016,
2FEQbouX,Telugu Padaniki,Veturi Sundararama MurthyS.P. BalasubrahmanyamSujatha MohanRenuka,Annamayya,https://c.saavncdn.com/243/Annamayya-Telugu-1997-20221207194819-500x500.jpg,https://aac.saavncdn.com/243/50e10f02f375df0a279c5fde4e831e2e_320.mp4,234,1997,
qhzBGONr,Premante,Mani SharmaKalpanaDevan EkambaramSamatha Fernander,Kushi,https://c.saavncdn.com/470/Kushi-2001-500x500.jpg,https://aac.saavncdn.com/470/85022ca3fadafec893b41bb09842228e_320.mp4,374,2001,
Q5CXPUho,Sada Siva,ManisarmaKarunyaRamesh Vinayakam,Khaaleja,https://c.saavncdn.com/616/Khaaleja-Telugu-2010-20190822154146-500x500.jpg,https://aac.saavncdn.com/616/0ff4925fcb7b6a1162bde99bf6735c32_320.mp4,270,2010,
vDAQ3yzv,Choolenge Aasma,Adnan SamiRamya BeharaVeena GhantasalaAnup Rubens,Temper,https://c.saavncdn.com/395/Temper-Telugu-2015-500x500.jpg,https://aac.saavncdn.com/395/85b9f176893844a80ba75088dd6cb67b_320.mp4,250,2015,
SMopf6rn,Psycho Saiyaan - Groovedev Remix(Remix By Groovedev),Anirudh RavichanderDhvani BhanushaliTanishk Bagchi,Psycho Saiyaan - Groovedev Remix,https://c.saavncdn.com/573/Psycho-Saiyaan-Groovedev-Remix-Telugu-2020-20200516234005-500x500.jpg,https://aac.saavncdn.com/573/a99a62271d27154ca63a79fdfbb55596_320.mp4,146,2020,
NBa64chk,Chamak Cham,S.P. BalasubrahmanyamK. S. Chithra,Kondaveeti Donga,https://c.saavncdn.com/243/Kondaveeti-Donga-Telugu-1990-20180718-500x500.jpg,https://aac.saavncdn.com/243/e57180f6033d7178ffcf31705a14f13c_320.mp4,280,1990,
Cv4xentu,Calendar Song,Anirudh RavichanderSravana Bhargavi,Bharateeyudu 2 (Original Motion Picture Soundtrack),https://c.saavncdn.com/607/Bharateeyudu-2-Original-Motion-Picture-Soundtrack-Telugu-2024-20240611110157-500x500.jpg,https://aac.saavncdn.com/607/b08835b4f6be0a6f848120342420a376_320.mp4,220,2024,
klzlnq0A,Chalore Chalore (Telugu),Ranjith,Jalsa,https://c.saavncdn.com/903/Jalsa-2008-500x500.jpg,https://aac.saavncdn.com/903/97067ea25be7f8b2b068d0d51e87fd56_320.mp4,166,2008,
XUFpZ03K,DJ Saranam Bhaje Bhaje,Vijay Prakash,DJ,https://c.saavncdn.com/622/DJ-Telugu-2017-500x500.jpg,https://aac.saavncdn.com/622/658c0057be81ca668633718b34595d1b_320.mp4,260,2017,
r3DIDFIQ,Pileche,ManisarmaHemachandraShweta Mohan,Khaaleja,https://c.saavncdn.com/616/Khaaleja-Telugu-2010-20190822154146-500x500.jpg,https://aac.saavncdn.com/616/29bd409625822a7ba5cc15997fa7bae1_320.mp4,342,2010,
1gMfMz-B,Andam Lo Andhra,Mani SharmaShreya GhoshalS.P. Balasubrahmanyam,Lakshmi Narasimha,https://c.saavncdn.com/753/Lakshmi-Narasimha-2000-500x500.jpg,https://aac.saavncdn.com/753/d6ee96b6d0fade1daa84742f5eebadfb_320.mp4,330,2000,
x74WzGmd,Snehithudaa,A.R. Rahman,Sakhi,https://c.saavncdn.com/586/Sakhi-Telugu-2000-500x500.jpg,https://aac.saavncdn.com/586/39d45309e5e3b08accd57276606c4d7d_320.mp4,367,2000,
_IKUwDuY,Muddabanti Puvvulo,K. V. MahadevanK. S. ChithraK.J. Yesudas,Alludu Garu,https://c.saavncdn.com/056/Alludu-Garu-2000-500x500.jpg,https://aac.saavncdn.com/056/1f3a0382085bfccf823f206c05216f33_320.mp4,298,1990,
NEiRDMR6,Uththarala Urvashi,S.P. BalasubrahmanyamK. S. Chithra,Allari Priyudu,https://c.saavncdn.com/671/Allari-Priyudu-Telugu-1994-500x500.jpg,https://cdn.pixabay.com/download/audio/2022/04/27/audio_6ebb6aaa24.mp3?filename=lofi-study-112191.mp3,253,1994,
EUVDYj8s,Anukoledenadu,Shreya GhoshalShweta Pandit,Oy!,https://c.saavncdn.com/769/Oy-2009-500x500.jpg,https://aac.saavncdn.com/769/022429ee80d76e518cb07fabac977526_320.mp4,285,2009,
L3MUdZbU,Neekosam Oka,Shankar Mahadevan,Happy,https://c.saavncdn.com/null/Happy-Telugu-2005-20210130193253-500x500.jpg,https://aac.saavncdn.com/null/79241b857b0506abf93e5f1086fd4ba1_320.mp4,196,2005,
Em2cWqBK,Sambho Siva Sankara,N.C. Karunya,Sambho Siva Sankara,https://c.saavncdn.com/null/Shambho-Shiva-Shankara-Telugu-2021-20210309010814-500x500.jpg,https://aac.saavncdn.com/null/bc227b825683ea55430d3f9106355ecb_320.mp4,246,2021,
Mz1C8HTh,Sirulokinche Chinni,S.V. Krishna ReddyS. P. BalasubrahmanyamK. S. Chithra,Yamaleela,https://c.saavncdn.com/440/Yamaleela-Telugu-1994-20200403144944-500x500.jpg,https://aac.saavncdn.com/440/64e2af69801b39193dcb0a1ec0b94d26_320.mp4,296,1994,
37Jz5sMN,Paluke Bangaramayera,M. M. KeeravaniK. S. Chithra,Sri Ramadasu,https://c.saavncdn.com/836/Sri-Ramadasu-2006-500x500.jpg,https://aac.saavncdn.com/836/0f8f7e4e1025b670b31af2a2d819aa9f_320.mp4,238,2006,
CARGkfFl,Nee Kosam,R.P. PatnaikRajeshKousalya,Neekosam,https://c.saavncdn.com/838/Neekosam-2000-500x500.jpg,https://aac.saavncdn.com/838/7590e5e0f3e2c398efcd9d0a54fd7792_320.mp4,249,2000,
5fQODlmB,Kkokko Komali,Mani SharmaUdit NarayanSujatha Mohan,Narasimha Naidu,https://c.saavncdn.com/495/Narasimha-Naidu-2000-500x500.jpg,https://aac.saavncdn.com/495/024a5b1a688286d502b3adf643c0bd3f_320.mp4,299,2000,
o7WBKJHE,Seetamma Andalu,S.P. BalasubrahmanyamK. S. ChithraS.P. Sailaja,Subha Sankalpam,https://c.saavncdn.com/208/Subhasankalpam-Telugu-1995-20180516-500x500.jpg,https://aac.saavncdn.com/208/d1669e78882da77c7a5f371152cc9d4e_320.mp4,299,1995,
LYLac8S7,Bad Boy,BadshahNeeti Mohan,Saaho,https://c.saavncdn.com/186/Saaho-Telugu-2019-20190828024553-500x500.jpg,https://aac.saavncdn.com/186/d58880cd3609c1de2695cb11b4eae664_320.mp4,177,2019,
NFuNms4A,Poola Ghuma Ghuma,Shreya Ghoshal,Sri Anjaneyam,https://c.saavncdn.com/597/Sri-Anjaneyam-2000-500x500.jpg,https://aac.saavncdn.com/597/2046462b2b99164e20e05c4695865e5d_320.mp4,305,2004,
1OAN9VXV,Chalona,Anirudh RavichanderAdithya RKPriya Mali,Jawan  (TELUGU),https://c.saavncdn.com/413/Jawan-TELUGU-Telugu-2023-20230921213823-500x500.jpg,https://aac.saavncdn.com/413/0b53c5cb7da28c3cb66ac6874204c142_320.mp4,200,2023,
QYW0DoAM,Kadhile Kalamey,A.R. RahmanS. JanakiS.P. Balasubrahmanyam,Jodi,https://c.saavncdn.com/648/Jodi-2000-500x500.jpg,https://aac.saavncdn.com/648/42dd205781e537c2c622f308eb9e22bb_320.mp4,298,2000,
gI4ABLWi,Emaindo Emo,HariniS.P. Balasubrahmanyam,Prematho Raa,https://c.saavncdn.com/530/Premato-Raa-2001-500x500.jpg,https://aac.saavncdn.com/530/d32881e0da69bd3d64bdcbec85d9dc12_320.mp4,317,2001,
EckxG09S,OMG Daddy,Roll RidaRahul NambiarLady KashRahul SipligunjBlaaze,Ala Vaikunthapurramuloo,https://c.saavncdn.com/517/Ala-Vaikunthapurramuloo-Telugu-2019-20200116144338-500x500.jpg,https://aac.saavncdn.com/517/46afe3c008cfb859f0759ad174cd1f6a_320.mp4,228,2019,
UgfG6RzF,Suddha Brahma,M. M. KeeravaniPranavi,Sri Ramadasu,https://c.saavncdn.com/836/Sri-Ramadasu-2006-500x500.jpg,https://aac.saavncdn.com/836/3eda1e24a4fe548a474e77101a4345d4_320.mp4,139,2006,
MJdwMWd5,Lachimi Na Chinni Lachimi,Shankar Babu,Telugu Folk Dj Songs  Vol 2,https://c.saavncdn.com/699/Telugu-Folk-Dj-Songs-Vol-2-Telugu-2017-20200709161108-500x500.jpg,https://aac.saavncdn.com/699/f17d6ef25532e02a5ecec986eba3c425_320.mp4,223,2017,
s_VFVSHb,Giri Giri,Yuvan Shankar RajaRam Miriyala,Gangs Of Godavari,https://c.saavncdn.com/000/Gangs-Of-Godavari-Telugu-2024-20240530193901-500x500.jpg,https://aac.saavncdn.com/000/eb9f861bf4c862cf6971ca40d65e3196_320.mp4,245,2024,
qEwrIEbs,Dorikithe - Remix,Ravindra UpadhayDharam-Sandeep,Raktha Charithra,https://c.saavncdn.com/225/Raktha-Charithra-Telugu-2013-500x500.jpg,https://cdn.pixabay.com/download/audio/2022/04/27/audio_6ebb6aaa24.mp3?filename=lofi-study-112191.mp3,224,2013,
HNk8Aqbu,Lux Papa,Mani SharmaHariniS.P. Balasubrahmanyam,Narasimha Naidu,https://c.saavncdn.com/495/Narasimha-Naidu-2000-500x500.jpg,https://aac.saavncdn.com/495/64be44c3da1f8e07be7979041b126917_320.mp4,280,2000,
3fOuoRj0,Tikku Taku Tikku,Shirisha,Tikku Taku Tikku,https://c.saavncdn.com/034/Tikku-Taku-Tikku-Telugu-2021-20210426085122-500x500.jpg,https://aac.saavncdn.com/034/8ff20fca9c71c25f6af2f2474fa72cbc_320.mp4,249,2021,
QgjbX6lv,Nuvvani Idhi Needani,Karthik,Maharshi,https://c.saavncdn.com/945/Maharshi-Telugu-2019-20190515163142-500x500.jpg,https://aac.saavncdn.com/945/6c2c295c14242796a8762643d34c42db_320.mp4,260,2019,
Bapup5AQ,Bhale Bhale Banjara,Shankar MahadevanRahul Sipligunj,Acharya​,https://c.saavncdn.com/000/Acharya-Telugu-2022-20220523113832-500x500.jpg,https://aac.saavncdn.com/000/86720fd1c62799b786e0909bc35e0168_320.mp4,259,2022,
3Sdu0PCV,Valu Kalla Vayyari,Devi Sri PrasadKarthik,Mass,https://c.saavncdn.com/086/Mass-2004-500x500.jpg,https://aac.saavncdn.com/086/644daa18324262cbb37f8d243beea2b0_320.mp4,334,2004,
ODNpnMjj,Maayadari Maayadari Andamaa,M. M. KeeravaniS.P. Balasubrahmanyam,Pavitra Bandham,https://c.saavncdn.com/007/Pavitra-Bandham-Telugu-1996-20221207160020-500x500.jpg,https://aac.saavncdn.com/674/0a998b4b6330dbf6e79251171ce946b8_320.mp4,309,1996,
10DS-bA6,Ninu Choosthunte,Devi Sri PrasadSiddharthSumangali,Aata,https://c.saavncdn.com/129/Aata-2007-500x500.jpg,https://aac.saavncdn.com/129/d6c54ce074ef647087b8c2434c9e8a54_320.mp4,313,2007,
jT8Qx21g,Rakhi Rakhi,Devi Sri PrasadMamatha Mohandas,Rakhi,https://c.saavncdn.com/521/Rakhi-2000-500x500.jpg,https://aac.saavncdn.com/521/e4bdb83d9abd5b70870e1c527b585cc2_320.mp4,334,2000,
qWV-T4lF,Dil Se,Devi Sri PrasadKarthikShwetha Mohan,Gabbar Singh,https://c.saavncdn.com/450/Gabbar-Singh-2012-500x500.jpg,https://aac.saavncdn.com/450/09e19109fc0524923e431824acefe118_320.mp4,262,2012,
_jc0YRxs,Bangala Kathamulo,Ramana GogulaSunitha,Badri,https://c.saavncdn.com/032/Badri-2000-500x500.jpg,https://aac.saavncdn.com/032/f3854b3e35ec04d958e9e24a8da019cd_320.mp4,278,2000,
EL2URfq8,Kevvu Keka,Devi Sri PrasadMamta SharmaKushi Murali,Gabbar Singh,https://c.saavncdn.com/450/Gabbar-Singh-2012-500x500.jpg,https://aac.saavncdn.com/450/d279dc8e72cbf2d931746486ed9989c1_320.mp4,248,2012,
aglYeVyn,Vastunna Vachestunna,Shreya GhoshalAmit TrivediAnurag Kulkarni,V,https://c.saavncdn.com/584/V-Telugu-2020-20200828173314-500x500.jpg,https://aac.saavncdn.com/584/5e1b75956e46bf8670f6513f36a3c155_320.mp4,212,2020,
s8WZYOQs,Kalaganti Kalaganti,Annamayya KeerthanaS.P. Balasubrahmanyam,Annamayya,https://c.saavncdn.com/243/Annamayya-Telugu-1997-20221207194819-500x500.jpg,https://aac.saavncdn.com/243/e4129d7d81a3dac2e325990df6962ab6_320.mp4,170,1997,
T-_HDMbO,Lingashtakam,S. P. Balasubrahmanyam,Devotional Tracks By S.P. Balasubrahmanyam,https://c.saavncdn.com/199/Devotional-Tracks-By-S-P-Balasubrahmanyam-2013-500x500.jpg,https://aac.saavncdn.com/199/73adfdb16d7be1eca09ec698a34361e7_320.mp4,205,2013,
P_E_7q-B,Em Cheppanu,KarthikDevi Sri Prasad,Nenu Sailaja,https://c.saavncdn.com/027/Nenu-Sailaja-Telugu-2015-500x500.jpg,https://aac.saavncdn.com/027/d40eae43b39a8045fc860afd0db3ae4f_320.mp4,286,2015,
4kCw_AQm,Aamchi Mumbai,Thaman SRahul AggarwalRanjithNaveen MadhavAalap Raju,Businessman,https://c.saavncdn.com/033/Businessman-Telugu-2011-500x500.jpg,https://aac.saavncdn.com/033/9a07126e89a1b2eb893b017f3ae8aece_320.mp4,158,2011,
78fgp4m6,Povodhe Prema,Yuvan Shankar Raja,Oy!,https://c.saavncdn.com/769/Oy-2009-500x500.jpg,https://aac.saavncdn.com/769/9495d6f9ef23cd43850b3a9f7a114ce5_320.mp4,276,2009,
ljrEujr_,Andalalo,IlaiyaraajaS. JanakiS.P. Balasubrahmanyam,Jagadekaveerudu Athiloka Sundari,https://c.saavncdn.com/414/Jagadekaveerudu-Athiloka-Sundari-2000-500x500.jpg,https://aac.saavncdn.com/414/194e3455e2d2ca607f9144500407451d_320.mp4,302,1990,
Hq6DVFGM,Yenno Yenno,Gopi SunderKarthikChinmayee,Malli Malli Idi Rani Roju,https://c.saavncdn.com/970/Malli-Malli-Idi-Rani-Roju-Telugu-2014-500x500.jpg,https://aac.saavncdn.com/970/d7a5f145a04c43e262421c66ffbe5248_320.mp4,271,2014,
6gdbXPR4,Moosina Muthyalake,Annamayya KeerthanaS.P. BalasubrahmanyamK. S. Chithra,Annamayya,https://c.saavncdn.com/243/Annamayya-Telugu-1997-20221207194819-500x500.jpg,https://aac.saavncdn.com/243/4301ca6f819d75f9ffc32fe0f18dc7bf_320.mp4,199,1997,
YzFa_CZS,Pillaa,Devi Sri PrasadVaddepalli SrinivasPawan Kalyan,Gabbar Singh,https://c.saavncdn.com/450/Gabbar-Singh-2012-500x500.jpg,https://aac.saavncdn.com/450/8f124b6792cca44e5478bc923b0e28ca_320.mp4,228,2012,
TvzdbIth,Manasanta Mukkalu Chesi,KK,Prema Kavali,https://c.saavncdn.com/499/Prema-Kavali-2011-500x500.jpg,https://aac.saavncdn.com/499/95114be128776d48779b232d90181ea9_320.mp4,254,2011,
Dx38682o,Meghaalu Lekunna,Yazin NizarDevi Sri Prasad,Kumari 21 F,https://c.saavncdn.com/428/Kumari-21-F-Telugu-2015-500x500.jpg,https://aac.saavncdn.com/428/cd6ebce11038a70f22b27c85f30cf1fe_320.mp4,299,2015,
QZoS3w2W,Unnamata Cheppanivu,KotiHariniTippu,Nuvvu Naaku Nachchav,https://c.saavncdn.com/315/Nuvvu-Naaku-Nachchav-2001-500x500.jpg,https://aac.saavncdn.com/315/477d57845c1390874e026ec82a18a59b_320.mp4,281,2001,
qnrCPlK8,AGAMMA AGARADHE RADHAMMA,Boddu Dilip Kumar,AGAMMA AGARADHE RADHAMMA,https://c.saavncdn.com/578/AGAMMA-AGARADHE-RADHAMMA-Telugu-2023-20231013041256-500x500.jpg,https://aac.saavncdn.com/578/1463de56bbc73ab3c436722c4f383c0f_320.mp4,272,2023,
1w2DxoqN,Kannullo Nee Roopame,HariharanChitra,Ninne Pelladatha,https://c.saavncdn.com/468/Ninne-Pelladatha-Telugu-1996-20240430181004-500x500.jpg,https://aac.saavncdn.com/468/7f03034ed95961a299080200fa8a8885_320.mp4,321,1996,
AOsTB31H,Vanajallu Gillutunte,S.P. BalasubramanyamS. JanakiRaj Koti,Yamudiki Mogudu,https://c.saavncdn.com/351/Yamudiki-Mogudu-Telugu-1988-500x500.jpg,https://aac.saavncdn.com/351/93bca6a3939db3c257199a4629900f4a_320.mp4,283,1988,
L0ieTkhb,Pilla Chao,Thaman SRahul Nambiar,Businessman,https://c.saavncdn.com/033/Businessman-Telugu-2011-500x500.jpg,https://aac.saavncdn.com/033/43070e568c429dcfd84783ab16924be8_320.mp4,254,2011,
RiZYeLtB,Asalem Gurthukuradhu,K. S. Chithra,Antahpuram,https://c.saavncdn.com/209/Antahpuram-Telugu-1998-20180518-500x500.jpg,https://aac.saavncdn.com/209/a81b8b8ba4aed5503d4de9311ab020cc_320.mp4,350,1998,
xSp-k9rl,Harima Harima,A.R. RahmanHariharanSadhana SargamBenny DayalNaresh Iyer,Robo,https://c.saavncdn.com/463/Robot-Telugu-2010-500x500.jpg,https://aac.saavncdn.com/304/8ea336f167845cfda9e60e5fb4f663c9_320.mp4,319,2010,
ndNfpBrY,Nachavule Nachavule,B. Ajaneesh LoknathKarthik,Virupaksha (Original Motion Picture Soundtrack),https://c.saavncdn.com/983/Virupaksha-Original-Motion-Picture-Soundtrack-Telugu-2023-20230420224352-500x500.jpg,https://aac.saavncdn.com/983/645bb0321c9fe076a3ffa4a369b7f977_320.mp4,222,2023,
OOQebvS9,Nandamuri Chandamama,Mani SharmaSujatha MohanCharan,Samba,https://c.saavncdn.com/567/Samba-2000-500x500.jpg,https://aac.saavncdn.com/567/b43e3394506ba99f65f0cabd1939db0f_320.mp4,295,2000,
CExcChsI,Hylessa,M. M. KeeravaniDevi Sri PrasadMalavika,Sri Ramadasu,https://c.saavncdn.com/836/Sri-Ramadasu-2006-500x500.jpg,https://aac.saavncdn.com/836/e3108b6a38a2750fc030616a1ed2d775_320.mp4,257,2006,
0MXZrCTs,Nammaku Nammaku,IlaiyaraajaS.P. Balasubrahmanyam,Rudraveena,https://c.saavncdn.com/426/Rudra-Veena-2000-500x500.jpg,https://aac.saavncdn.com/426/75b17065c8125b432ab58beec7ed4785_320.mp4,332,2000,
hQdNnabt,O Baby O Baby,Yuvan Shankar RajaMathangiHaricharanJenny,Aadavari Matalaku Ardhalu Veruley,https://c.saavncdn.com/483/Aadavari-Matalaku-Ardhalu-Veruley-2007-500x500.jpg,https://aac.saavncdn.com/483/713386259d76b48059edeb0ac8c0da64_320.mp4,336,2007,
FFcAqmAS,Emitemitemo,Alphons Joseph,Arjun Reddy,https://c.saavncdn.com/630/Arjun-Reddy-Telugu-2017-20200817233242-500x500.jpg,https://aac.saavncdn.com/630/f311890a1ad57d619dfe1bceaa1cd795_320.mp4,203,2017,
KPV24NDD,Rendai Thirigae,Harris JayarajKrishM.K. BalajiMili,Brothers,https://c.saavncdn.com/959/Brothers-2012-500x500.jpg,https://aac.saavncdn.com/959/7e6c41013c0145ade1677ab79bb4f7eb_320.mp4,288,2012,
mgjdUy4m,Evaree Ammayee Ani,Hari CharanYuvan Shankar Raja,Nene Ambani,https://c.saavncdn.com/475/Nene-Ambani-Telugu-2013-500x500.jpg,https://cdn.pixabay.com/download/audio/2022/02/07/audio_13f9618d7f.mp3?filename=whip-110235.mp3,302,2013,
XQgVm00Q,Temper,M.L.R. KarthikeyanBhargavi PillaiSimhaRap RahulAnup Rubens,Temper,https://c.saavncdn.com/395/Temper-Telugu-2015-500x500.jpg,https://aac.saavncdn.com/395/ee558d89bbe462a0ce0ad4c02b5276c6_320.mp4,245,2015,
HQN_dOp3,Maro Masthi Maro,Vidhya SagarSukhwinder SinghAnuradha Sriram,Bangaram,https://c.saavncdn.com/385/Bangaram-2006-500x500.jpg,https://aac.saavncdn.com/385/ae50ad581670d4238367cca81e2bcb25_320.mp4,258,2006,
mQLguFG1,Andhanikey,Mani SharmaShankar Mahadevan,Murari,https://c.saavncdn.com/678/Murari-2000-500x500.jpg,https://aac.saavncdn.com/678/593f96105f0762506e365ce7c5c294af_320.mp4,324,2000,
bjLgXjSw,Ay Pilla,Haricharan,Love Story,https://c.saavncdn.com/582/Love-Story-Telugu-2020-20210923220520-500x500.jpg,https://aac.saavncdn.com/582/c2e3ef95b9b4b4cdb51a88c6f0246de6_320.mp4,253,2020,
vgbPvccW,Sommasilli Pothunnave O Chinni Ramulamma,Ramu Rathod,Sommasilli Pothunnave O Chinni Ramulamma,https://c.saavncdn.com/567/Sommasilli-Pothunnave-O-Chinni-Ramulamma-Telugu-2024-20240221194230-500x500.jpg,https://aac.saavncdn.com/567/debe35e5fc7f26c6c5f97ca0a9cbe432_320.mp4,260,2024,
QKWjTEGL,Manasuna Unnadi (Female),ShivashankarK. S. Chithra,Priyamainaneeku,https://c.saavncdn.com/585/Priyamainaneeku-2003-500x500.jpg,https://aac.saavncdn.com/585/bdc4e378167da22b9795015f0c332094_320.mp4,306,2003,
68YCytEz,Vinaraa (From &quot;Salaar Cease Fire - Telugu&quot;),Krishna KanthRavi BasrurSachin Basrur,Salaar Cease Fire - Telugu,https://c.saavncdn.com/330/Salaar-Cease-Fire-Telugu-Telugu-2024-20240104154534-500x500.jpg,https://aac.saavncdn.com/330/f1c6104a29eae04ab9485e3250dbe57f_320.mp4,195,2024,
_8oyu9xY,Aaradugula Bullet,Devi Sri PrasadVijay PrakashM.L.R. Karthikeyan,Attarrintiki Daaredi,https://c.saavncdn.com/464/Attarrintiki-Daaredi-Telugu-2013-500x500.jpg,https://aac.saavncdn.com/464/b19583a381463cc65cd65669c060ba0c_320.mp4,288,2013,
HuBCkHd4,Mounamela Noyee,Ilaiyaraaja,Sagara Sangamam (Telugu),https://c.saavncdn.com/901/Sagara-Sangamam-Telugu-Telugu-1983-500x500.jpg,https://aac.saavncdn.com/901/137a6e9aa900159039fbe6ee12ff5abc_320.mp4,263,1983,
MNsKUVc7,Manase Baruvai,Karthik,Naa Peru Shiva,https://c.saavncdn.com/383/Naa-Peru-Shiva-Telugu-2013-500x500.jpg,https://cdn.pixabay.com/download/audio/2022/04/27/audio_6ebb6aaa24.mp3?filename=lofi-study-112191.mp3,316,2013,
gbPtW9hE,Are Emaindhi,IlaiyaraajaS. JanakiS.P. Balasubrahmanyam,Aaradhana,https://c.saavncdn.com/966/Aaradhana-2000-500x500.jpg,https://aac.saavncdn.com/966/ecab5b08b4f84b7c59f2386073f173c8_320.mp4,274,1987,
N-AdJXV7,Vintunnavaa,A.R. RahmanKarthikShreya Ghoshal,Yemaaya Chesave,https://c.saavncdn.com/596/Yemaaya-Chesave-Telugu-2010-20190822154149-500x500.jpg,https://aac.saavncdn.com/596/dc5d4c1f279aae274f59ad6af749cf5d_320.mp4,419,2010,
273VBtnr,Sound of Salaar (From &quot;Salaar Cease Fire&quot;),Ravi BasrurYair Albeg WeinSongs To Your Eyes,Salaar Cease Fire - Telugu,https://c.saavncdn.com/330/Salaar-Cease-Fire-Telugu-Telugu-2024-20240104154534-500x500.jpg,https://aac.saavncdn.com/330/26e8f5ea5391944298f1825c23d7de33_320.mp4,175,2024,
c-YPgEp2,Nigama Nigamantha,Annamayya KeerthanaS.P. BalasubrahmanyamK. S. Chithra,Annamayya,https://c.saavncdn.com/243/Annamayya-Telugu-1997-20221207194819-500x500.jpg,https://aac.saavncdn.com/243/6f486cb9797ef616fdc70521c6fdfc30_320.mp4,235,1997,
qMRHHJ_e,Matarani,IlaiyaraajaS. JanakiS.P. Balasubrahmanyam,Maharshi,https://c.saavncdn.com/066/Maharshi-2000-500x500.jpg,https://aac.saavncdn.com/066/06fe140cdc7e06bddab0d9ea1daa7123_320.mp4,277,2000,
jLGB-AEr,Andhamyna Bhamalu,Devi Sri Prasad,Manmadhudu,https://c.saavncdn.com/386/Manmadhudu-Telugu-2002-20190206140019-500x500.jpg,https://aac.saavncdn.com/386/fc26d829a20804c474812ce58bdba0f7_320.mp4,258,2002,
e1DnYSUU,Varsham Munduga,Suzanne D'MelloSunitha Upadrasta,Sega,https://c.saavncdn.com/846/Sega-Telugu-2011-500x500.jpg,https://aac.saavncdn.com/846/65c9fa67402077ba8012e69651371b25_320.mp4,267,2011,
AGabVc6n,O Priya,IlaiyaraajaS.P. BalasubrahmanyamK. S. Chithra,Geetanjali,https://c.saavncdn.com/556/Geetanjali-1989-500x500.jpg,https://aac.saavncdn.com/556/288726a7897274731278e55369ba43da_320.mp4,344,1989,
MYS8wzaI,Chalaki Chilipi Vayasu,S.P. BalasubrahmanyamK. S. Chithra,Maayalodu,https://c.saavncdn.com/664/Maayalodu-Telugu-1999-500x500.jpg,https://cdn.pixabay.com/download/audio/2022/03/10/audio_5b667e5bb3.mp3?filename=electronic-future-beats-117997.mp3,305,1999,
gSb1UnsC,Chinnadhana,Anoop RubensRaja HasanSravani,Ishq,https://c.saavncdn.com/057/Ishq-Telugu-2012-500x500.jpg,https://aac.saavncdn.com/057/5770b2bb5940f1d13a6607a41325510a_320.mp4,221,2012,
cxxaSwhi,Devatha,AchuKarthik,Potugadu,https://c.saavncdn.com/078/Potugadu-2013-500x500.jpg,https://aac.saavncdn.com/078/141f6793e56bd616564e56d6d2bdf317_320.mp4,221,2013,
ticFS9sO,BAD - Gangs Of Godavari Theme,Yuvan Shankar Raja,Gangs Of Godavari,https://c.saavncdn.com/000/Gangs-Of-Godavari-Telugu-2024-20240530193901-500x500.jpg,https://aac.saavncdn.com/000/5e1a8372933e90b342f0f70548c9d006_320.mp4,186,2024,
LlgJCzkj,Dai Dai Dhamma,Mani SharmaKKMaha Lakshmi,Indra,https://c.saavncdn.com/808/Indra-2002-500x500.jpg,https://aac.saavncdn.com/808/fbfda64a8a0349237498ab111961461a_320.mp4,321,2002,
4oRyxs3R,UDUKUDUKU ROTTELU,singer lavanya,UDUKUDUKU ROTTELU,https://c.saavncdn.com/470/UDUKUDUKU-ROTTELU-Telugu-2024-20240610103206-500x500.jpg,https://aac.saavncdn.com/470/fa4546886feff2727b8f14697e5fa63c_320.mp4,189,2024,
9gcLJjaU,Bhama Bhama,Mani SharmaAnuradha SriramS.P. Balasubrahmanyam,Murari,https://c.saavncdn.com/678/Murari-2000-500x500.jpg,https://aac.saavncdn.com/678/32c1b423e108fba52faa781ae28f4e12_320.mp4,270,2000,
0ffrzf4l,Edolavundi,Ramana Gogula,Thammudu,https://c.saavncdn.com/399/Thammudu-2000-500x500.jpg,https://aac.saavncdn.com/399/5c1ee303afb34e97d04aa2163e4b4c32_320.mp4,312,2000,
euhBATC-,KORUKUNNARORAYYA,Mamidi Mounika,KORUKUNNARORAYYA,https://c.saavncdn.com/944/KORUKUNNARORAYYA-Telugu-2024-20240126133106-500x500.jpg,https://aac.saavncdn.com/944/1cac1d693945d3313893221e4519652b_320.mp4,284,2024,
p-cVX5CZ,Suvvi Suvvi,S. P. BalasubrahmanyamS. Janaki,Swati Mutyam,https://c.saavncdn.com/679/Swati-Mutyam-2000-500x500.jpg,https://aac.saavncdn.com/679/31e949f50d17df1403fc54ee7beaf9d9_320.mp4,343,2000,
6cLuteo3,Sirula Nosage,Vandemataram SrinivasSwarnalathaSujatha Mohan,Devullu,https://c.saavncdn.com/186/Devullu-2000-500x500.jpg,https://aac.saavncdn.com/186/90d0434945fb5d363fa61752f6d33dd3_320.mp4,333,2000,
_YmHYdpO,Evaro Nenevaro,Harris JayarajKarthikPriya Hemesh,Brothers,https://c.saavncdn.com/959/Brothers-2012-500x500.jpg,https://aac.saavncdn.com/959/ed2f47c4b0b340a98341e4ed877b20ab_320.mp4,332,2012,
twJdA718,Minneti Sooreedu,Ilaiyaraaja,Seeta Kokka Chilakka (Telugu),https://c.saavncdn.com/949/Seeta-Kokka-Chilakka-Telugu-Telugu-1981-500x500.jpg,https://aac.saavncdn.com/949/501c965e771f2576696207487faeffc4_320.mp4,275,1981,
zFCM8G7X,Jum Jum Maya,M. M. KeeravaniSunitha Upadrasta,Vikramarkudu,https://c.saavncdn.com/406/Vikramarkudu-Telugu-2006-20180124-500x500.jpg,https://aac.saavncdn.com/406/22b06f80bd83c125a3935b7045fa9e90_320.mp4,278,2006,
7vrx8tKQ,Veeri Veeri,R.P. Patnaik,Jayam,https://c.saavncdn.com/240/Jayam-2002-500x500.jpg,https://aac.saavncdn.com/240/af19dcd0fcea57d0f983c1dc7ac7d6ef_320.mp4,216,2002,
GYzaEB6R,Amma Amma,Anirudh RavichanderS. JanakiDeepu,Raghuvaran B.Tech,https://c.saavncdn.com/252/Raghuvaran-B-Tech-Telugu-2014-500x500.jpg,https://aac.saavncdn.com/252/c3a527b0af9c0856a56298365994ebd0_320.mp4,306,2014,
i_PjoQhF,Ma Ma Mahesha,Sri KrishnaJonita Gandhi,Sarkaru Vaari Paata,https://c.saavncdn.com/250/Sarkaru-Vaari-Paata-Telugu-2022-20220704160854-500x500.jpg,https://aac.saavncdn.com/250/4130ee419a984890685dddc2c94d5fc1_sar_320.mp4,246,2022,
dD7MPW3Q,Chirunavve Visirave,Vijay Prakash,Prema Kavali,https://c.saavncdn.com/499/Prema-Kavali-2011-500x500.jpg,https://aac.saavncdn.com/499/e732cfb7ee897697099d22b47cdbd768_320.mp4,245,2011,
dYljkKDT,O Navvu Chalu,KotiShankar Mahadevan,Nuvvu Naaku Nachchav,https://c.saavncdn.com/315/Nuvvu-Naaku-Nachchav-2001-500x500.jpg,https://aac.saavncdn.com/315/76fad0269e8f390ba4cc9d57aab4c498_320.mp4,287,2001,
S71NRepx,Pilichina,KarthikKavita Krishnamurthy,Athadu,https://c.saavncdn.com/373/Athadu-2000-500x500.jpg,https://aac.saavncdn.com/373/81e78d27a02f27037ffc66136b5807c2_320.mp4,298,2005,
xVUEtqY7,Banti Chamanti,S.P. BalasubrahmanyamS. Janaki,Abhilasha,https://c.saavncdn.com/null/Abhilasha-Telugu-1983-20200428164138-500x500.jpg,https://aac.saavncdn.com/357/e3fe859d0cf6f0aa5793a3487db41fcb_320.mp4,279,1983,
0ZAIvPgi,Nagumomu Thaarale,Sid Sriram,Radhe Shyam,https://c.saavncdn.com/292/Radhe-Shyam-Telugu-2022-20220312141038-500x500.jpg,https://aac.saavncdn.com/292/b055d9eadb450fdd8148aca52de0a4f5_320.mp4,294,2022,
reDBFCLS,Pillagali,Shreya Ghoshal,Athadu,https://c.saavncdn.com/373/Athadu-2000-500x500.jpg,https://aac.saavncdn.com/373/7e50d96d550e8ca2d8848296ebf86a97_320.mp4,287,2005,
9jKp40Xv,Sehri..Sehari,Toshi SabriPriya,Oy!,https://c.saavncdn.com/769/Oy-2009-500x500.jpg,https://aac.saavncdn.com/769/fb0e3e8263605ce522fd7de99060dcf0_320.mp4,286,2009,
cGP1OAUV,Janavule Nerajanavule,IlaiyaraajaS.P. BalasubrahmanyamS.P. SailajaS. Janaki,Aditya 369,https://c.saavncdn.com/510/Aditya-369-2000-500x500.jpg,https://aac.saavncdn.com/510/ae5b1879fafd3e4aa67793e3b3e37698_320.mp4,300,1991,
vG4xAIit,Egire Chilakkamma,Vidhya SagarUdit NarayanAnuradha Sriram,Bangaram,https://c.saavncdn.com/385/Bangaram-2006-500x500.jpg,https://aac.saavncdn.com/385/f62a578788b1ec834534b39649d803d4_320.mp4,279,2006,
8p5TIdPe,Elluvochi Godaramma,S.P. BalasubrahmanyamP. Susheela,Elluvochi Godaramma - Valmiki,https://c.saavncdn.com/804/Elluvochi-Godaramma-Valmiki-Telugu-2019-20190918112149-500x500.jpg,https://aac.saavncdn.com/804/d93a764fc31b80b2da26c13eec6c593d_sar_320.mp4,207,2019,
Ycbel2lX,Naa Pranama,Udit NarayanK. S. ChithraS.A. Rajkumar,Daddy,https://c.saavncdn.com/400/Daddy-2001-500x500.jpg,https://aac.saavncdn.com/400/d956f7892ec95edeb8b3de49e0db8bc6_320.mp4,294,2001,
8v98n-an,Travelling Soldier,Ramana Gogula,Thammudu,https://c.saavncdn.com/399/Thammudu-2000-500x500.jpg,https://aac.saavncdn.com/399/3b8e50a69828364287aba7cea3c3391d_320.mp4,269,2000,
7swcc-Kw,Allahe Allaha,Katike Ramu,Allahe Allaha,https://c.saavncdn.com/432/Allahe-Allaha-Telugu-2023-20231016233124-500x500.jpg,https://aac.saavncdn.com/432/5416a7f3a38147dc46b175e7e3a16cfa_320.mp4,264,2023,
IK0dQBGW,Antha Ishtam,K. S. Chithra,Bheemla Nayak,https://c.saavncdn.com/000/Bheemla-Nayak-Telugu-2021-20220309213923-500x500.jpg,https://aac.saavncdn.com/000/e481e91dfaf7a60e3028f319e3081d00_320.mp4,226,2021,
Bs_J38RT,Ori Devuda,Anirudh RavichanderHemachandra,Raghuvaran B.Tech,https://c.saavncdn.com/252/Raghuvaran-B-Tech-Telugu-2014-500x500.jpg,https://aac.saavncdn.com/252/fd6618c7ae5a9ece513bead7168bb066_320.mp4,270,2014,
hBvLDTeG,Agni Skalana,M. M. KeeravaniMathangi,Chatrapathi,https://c.saavncdn.com/653/Chatrapathi-2000-500x500.jpg,https://aac.saavncdn.com/653/8c3674b037006214e716c07f4e533a07_320.mp4,190,2000,
gf2GYJaF,Spirit Of Jersey,Kaala Bhairava,Jersey,https://c.saavncdn.com/623/Jersey-Telugu-2019-20190427102305-500x500.jpg,https://aac.saavncdn.com/623/a1f7cc2edb68569fd177a7bfd49bfa27_320.mp4,267,2019,
VK7-QKWe,Ammo Ammayena,S.A. Raj KumarHariharanSujatha Mohan,Vasantham,https://c.saavncdn.com/468/Vasantham-2003-500x500.jpg,https://aac.saavncdn.com/468/041e626113036502e0dc79d36979a37c_320.mp4,287,2003,
Y9SurbEt,I Just Love You Baby,J.B. (Jeevan Babu)LipisikaRevanth,Prema Katha Chithram,https://c.saavncdn.com/454/Prema-Katha-Chithram-2013-500x500.jpg,https://aac.saavncdn.com/454/e8142f1d2c7d17b327f65a0f5f23e2da_320.mp4,233,2013,
9jepFtlN,Karigipoyanu,IlaiyaraajaS.P. BalasubrahmanyamP. Susheela,Marana Mrudangam,https://c.saavncdn.com/984/Marana-Mrudangam-2000-500x500.jpg,https://aac.saavncdn.com/984/9afb0bfd11a1d797b3d61e90b9acc645_320.mp4,270,2000,
P6kEaSFT,Aho! Oka Manasuku,S.P. BalasubrahmanyamK. S. Chithra,Allari Priyudu,https://c.saavncdn.com/671/Allari-Priyudu-Telugu-1994-500x500.jpg,https://cdn.pixabay.com/download/audio/2022/01/18/audio_d0a13f69d2.mp3?filename=mountain-path-125573.mp3,300,1994,
z4bfROfk,Neeli Neelakantuda,Mangli,Neeli Neelakantuda,https://c.saavncdn.com/010/Neeli-Neelakantuda-Telugu-2022-20220224012928-500x500.jpg,https://aac.saavncdn.com/010/6e3367db304d51643b2bd6c5981073bc_320.mp4,263,2022,
E-l0zb2K,Oopiri Aaguthunnadey,Revanth,Arjun Reddy,https://c.saavncdn.com/630/Arjun-Reddy-Telugu-2017-20200817233242-500x500.jpg,https://aac.saavncdn.com/630/fd24e4f677f73a4b9c3e912354c46700_320.mp4,244,2017,
95Fm0pp6,Saradaga..Chandamaamane,KarthikSunidhi Chauhan,Oy!,https://c.saavncdn.com/769/Oy-2009-500x500.jpg,https://aac.saavncdn.com/769/80efc24ab0b4177c39579b0283e96ed4_320.mp4,279,2009,
3edTPsXN,Ye Swapnalokala,S. P. Balasubrahmanyam,Suswagatham,https://c.saavncdn.com/600/Suswagatham-2003-500x500.jpg,https://aac.saavncdn.com/600/f450f61b18a31675704444efb3eec691_320.mp4,287,1998,
R1BqogbO,Usure Poyene,A.R. RahmanKarthik,Villain,https://c.saavncdn.com/252/Villain-Telugu-2010-20190822153039-500x500.jpg,https://aac.saavncdn.com/588/8d852d994eaa15789d40c54d52d3fd1e_320.mp4,363,2010,
1t-V2Q-q,Endhuko Prayam,Mani SharmaK. S. ChithraS.P. Balasubrahmanyam,Rajakumarudu,https://c.saavncdn.com/429/Rajakumarudu-2000-500x500.jpg,https://aac.saavncdn.com/429/69aa39e88fb14b8c6b74cd3faca778e5_320.mp4,306,2000,
T08QT4nT,Rise of Shyam,Anurag KulkarniVishal DadlaniRap-Cizzy,Shyam Singha Roy - Telugu,https://c.saavncdn.com/008/Shyam-Singha-Roy-Telugu-Telugu-2021-20220113123204-500x500.jpg,https://aac.saavncdn.com/008/f213d31af98ea61cd2ee492555eecc91_sar_320.mp4,233,2021,
n6NbSHFU,Guruthunda Baava,Charan ArjunDivya Malika,Guruthunda Baava,https://c.saavncdn.com/677/Guruthunda-Baava-Telugu-2024-20240227172123-500x500.jpg,https://cdn.pixabay.com/download/audio/2022/03/23/audio_07b2a04be3.mp3?filename=order-99518.mp3,221,2024,
loBuHMJS,Yeto Vellipoyindi,Rajesh Krishnan,Ninne Pelladatha,https://c.saavncdn.com/468/Ninne-Pelladatha-Telugu-1996-20240430181004-500x500.jpg,https://aac.saavncdn.com/468/e5a21593cb7d1c63590384a5d0a6b6d0_320.mp4,277,1996,
D7__MNAK,O Sayonara,Suraj SanthoshM.M.Manasi,1 Nenokkadine,https://c.saavncdn.com/075/1-Nenokkadine-Telugu-2014-20230327123727-500x500.jpg,https://aac.saavncdn.com/075/dfdd4e71aa65896659af6db896ecd9d1_320.mp4,283,2014,
o26XblHV,Em Sandeham Ledu,Kalyani KoduriSunitha,Oohalu Gusagusalade,https://c.saavncdn.com/243/Oohalu-Gusagusalade-Telugu-2014-20211203144400-500x500.jpg,https://cdn.pixabay.com/download/audio/2022/03/10/audio_5b667e5bb3.mp3?filename=electronic-future-beats-117997.mp3,232,2014,
7QZhrNEq,Vatapatra - Happy,P. Susheela,Swati Mutyam,https://c.saavncdn.com/679/Swati-Mutyam-2000-500x500.jpg,https://aac.saavncdn.com/679/3313815627654fc7e269524a625c9ac5_320.mp4,273,2000,
G8sm5TqD,Nuvu Malletiga,S.P. BalasubrahmanyamK. S. Chithra,Presidentu Garipellam,https://c.saavncdn.com/954/Presidentu-Garipellam-Telugu-1993-500x500.jpg,https://cdn.pixabay.com/download/audio/2022/03/23/audio_07b2a04be3.mp3?filename=order-99518.mp3,259,1993,
YhgzBNHA,Lover Also Fighter Also,Shekhar Ravjiani,Naa Peru Surya Naa Illu India,https://c.saavncdn.com/416/Naa-Peru-Surya-Naa-Illu-India-Telugu-2018-20180422-500x500.jpg,https://aac.saavncdn.com/416/a6359c4d18edf63f8b9f82523f5d51b6_320.mp4,236,2018,
z2k88Oxl,Jawan Title Track,Anirudh RavichanderRaja Kumari,Jawan  (TELUGU),https://c.saavncdn.com/413/Jawan-TELUGU-Telugu-2023-20230921213823-500x500.jpg,https://aac.saavncdn.com/413/b6bb09ba82348252b6f2425c7e4cba2c_320.mp4,188,2023,
j0mNHAfN,Mannela Tintivira,M. M. KeeravaniKalyaniTippuSmitha (Nivedhitha),Chatrapathi,https://c.saavncdn.com/653/Chatrapathi-2000-500x500.jpg,https://aac.saavncdn.com/653/3f714aaff61309fa3fe1e42784708928_320.mp4,296,2000,
Kchp1VPa,Needhele,Santhosh Narayanan,Chinna,https://c.saavncdn.com/530/Chinna-Telugu-2023-20231010000709-500x500.jpg,https://aac.saavncdn.com/826/25bbf0f8d28f22dad7e803f69f1dbdc9_320.mp4,214,2023,
s-CIrbAn,Naa Manasuney,S.P. BalasubrahmanyamK. S. Chithra,Manmadhudu,https://c.saavncdn.com/386/Manmadhudu-Telugu-2002-20190206140019-500x500.jpg,https://aac.saavncdn.com/386/0a9211627ec7e1f3b11f77a704396bd5_320.mp4,246,2002,
HBs7jUEQ,Chanti Pillala,Vijai BulganinAnudeep Dev,Baby,https://c.saavncdn.com/732/Baby-Telugu-2023-20230710131123-500x500.jpg,https://aac.saavncdn.com/732/8b2048bd97c39811e296e66c6df04c1b_320.mp4,308,2023,
Afd6cMeS,Kila Kila,S.P. BalasubrahmanyamK. S. Chithra,Coolie No. 1,https://c.saavncdn.com/null/Coolie-No-1-Telugu-1991-20210107202840-500x500.jpg,https://aac.saavncdn.com/null/c25479790737a051d939a3c735ed62d3_320.mp4,284,1991,
ES1ToCWU,Melikalu,Mani SharmaNarendraGeetha Madhuri,Cameraman Gangatho Rambabu,https://c.saavncdn.com/947/Cameraman-Gangatho-Rambabu-2012-500x500.jpg,https://aac.saavncdn.com/947/166f8a7e830dc9bc5fc7ecf3f9dbdcfd_320.mp4,263,2012,
0ul8Ms4H,Malli Kuyave,ChakriHariharanKousalya,Itlu Sharavani Subrahmanyam,https://c.saavncdn.com/151/Itlu-Sharavani-Subrahmanyam-2001-500x500.jpg,https://aac.saavncdn.com/151/4132f365cb6fd8d1dff69e0131ebf4da_320.mp4,373,2001,
#NAME?,Rajamandrike,Mani SharmaShankar MahadevanSuchitra,Narasimhudu,https://c.saavncdn.com/497/Narasimhudu-2005-500x500.jpg,https://cdn.pixabay.com/download/audio/2022/02/07/audio_13f9618d7f.mp3?filename=whip-110235.mp3,329,2005,
evlxEVcK,Padharu Kalalaku,J.K. BharaviMano,Annamayya,https://c.saavncdn.com/243/Annamayya-Telugu-1997-20221207194819-500x500.jpg,https://aac.saavncdn.com/243/abdfd44513d90cca7b597f4929bfb10e_320.mp4,133,1997,
8d0gjEMZ,Edhuta Nilichindhi,KamalakarKarthik,Vaana,https://c.saavncdn.com/012/Vaana-2007-500x500.jpg,https://aac.saavncdn.com/012/0f06ab48924bfcf92201643646784aa1_320.mp4,288,2007,
BRXHG4A9,Chakkori,Satya PrakashShashaa TirupatiA.R. Rahman,Saahasam Swaasaga Saagipo,https://c.saavncdn.com/996/Saahasam-Swaasaga-Saagipo-Telugu-2016-500x500.jpg,https://aac.saavncdn.com/996/d7c3fb4e65912a98f28ac95d2833dbd4_320.mp4,338,2016,
rOTHGl1I,Chandrullo Unde,Shankar Mahadevan,Nuvvostanante Nenoddantana,https://c.saavncdn.com/347/Nuvvostanante-Nenoddantana-Telugu-2014-20181121-500x500.jpg,https://aac.saavncdn.com/347/ff310135382cd6649af49e555b9f100a_320.mp4,255,2014,
09h2sKZ7,Vevela Mainala Ganam,Ramana GogulaSunitha,Badri,https://c.saavncdn.com/032/Badri-2000-500x500.jpg,https://aac.saavncdn.com/032/a682895093012e6eacbd4b412aca07a4_320.mp4,264,2000,
24hQNUkE,Vundipomanne Chotu Kaadu Idi (From &quot;Ambajipeta Marriage Band&quot;),Sekhar ChandraDinesh Rudra,Vundipomanne Chotu Kaadu Idi (From &quot;Ambajipeta Marriage Band&quot;),https://c.saavncdn.com/987/Vundipomanne-Chotu-Kaadu-Idi-From-Ambajipeta-Marriage-Band-Telugu-2024-20240227164247-500x500.jpg,https://aac.saavncdn.com/987/163f0a0b1c3d30f8a38379f1eac665e6_320.mp4,123,2024,
LklYzejQ,Kurisey Kurisey,Thaman SRanjith,Vaishali,https://c.saavncdn.com/101/Vaishali-2011-500x500.jpg,https://aac.saavncdn.com/101/be1134ab1c213c57b6a4102d9489b0b2_320.mp4,249,2011,
5xGx2gd7,Vinave Vinave,G.V.Prakash KumarShakthisree Gopalan,Raja Rani,https://c.saavncdn.com/514/Raja-Rani-Telugu-2013-500x500.jpg,https://aac.saavncdn.com/479/c05ce106a426ce83d68537a7a9c24eda_320.mp4,206,2013,
mATIPXT9,Nairey Nairey,ChakriKousalya,Andhrawala,https://c.saavncdn.com/617/Andhrawala-2003-500x500.jpg,https://aac.saavncdn.com/617/23f9ab90deb049ae75057ffe5b5e110f_320.mp4,284,2003,
UxDC_PC8,"Kapolla Intikada, Pt. 2",Kumara Vagdevi,"Kapolla Intikada, Pt. 2",https://c.saavncdn.com/089/Kapolla-Intikada-Pt-2-Telugu-2023-20230726080329-500x500.jpg,https://aac.saavncdn.com/089/b34ebcadd0f088e3c304a8e03c89b74b_320.mp4,235,2023,
cHWAyABp,Madhurame,Sameera Bharadwaj,Arjun Reddy,https://c.saavncdn.com/630/Arjun-Reddy-Telugu-2017-20200817233242-500x500.jpg,https://aac.saavncdn.com/630/a5fdf415552d04644485a637fe56dea9_320.mp4,343,2017,
rFGXybrZ,Inumulo O Hrudayam,A.R. RahmanSuzanne D'MelloKash N' Krissy,Robo,https://c.saavncdn.com/463/Robot-Telugu-2010-500x500.jpg,https://aac.saavncdn.com/304/c7227d2f110dfb69e78a89b0980dd8ce_320.mp4,314,2010,
H-umnrty,Neethoney Dance,Hiphop TamizhaNikhita Gandhi,Dhruva,https://c.saavncdn.com/889/Dhruva-Telugu-2016-500x500.jpg,https://aac.saavncdn.com/889/ba129566361678e3d51d477aa878b438_320.mp4,194,2016,
wdsRdtsY,Bang Bang Bangkok,Devi Sri PrasadRanina ReddyRita Thyagarajan,Kumari 21 F,https://c.saavncdn.com/428/Kumari-21-F-Telugu-2015-500x500.jpg,https://aac.saavncdn.com/428/8a194827f3c40c79e6b12dfba7fc7725_320.mp4,210,2015,
f_BtJyih,Chinnanati Chelikade,Mani SharmaS.P. BalasubrahmanyamShreya Ghoshal,Yagnam,https://c.saavncdn.com/397/Yagnam-2000-500x500.jpg,https://aac.saavncdn.com/397/7195bcc2452ce2105e7aefc59d282a52_320.mp4,340,2004,
_W7SsD_M,Kung Fu Kumaari,DeepakRamya Behara,Bruce Lee,https://c.saavncdn.com/023/Bruce-Lee-Telugu-2018-20180516-500x500.jpg,https://aac.saavncdn.com/023/7c831d5bbb539753fda26618c03cabbc_320.mp4,266,2018,
YjXfMNjB,The Monster Song,Ravi BasrurAdithi Sagar,KGF Chapter 2 - Telugu,https://c.saavncdn.com/837/KGF-Chapter-2-Telugu-Telugu-2022-20230903152659-500x500.jpg,https://aac.saavncdn.com/837/018b756037b96e9b1e0631e6661a7b5d_320.mp4,160,2022,
afI2yh5h,Andham Andham,Yuvanshankar RajaKarunya,Vetadu Ventadu,https://c.saavncdn.com/140/Vetadu-Ventadu-Telugu-2012-20190822130546-500x500.jpg,https://aac.saavncdn.com/140/ea448921d330ec3daf79e6849d62ea46_320.mp4,290,2012,
esZf-G6Y,Akalesthey,Devi Sri PrasadNaveenMamatha Mohandas,Shankardada Zindabad,https://c.saavncdn.com/853/Shankardada-Zindabad-2007-500x500.jpg,https://aac.saavncdn.com/853/bdd7939416a16609ace677c1a304a875_320.mp4,260,2007,
tyyTetoa,Neetho Unte Chalu,Mohana BhogarajuSandilya Pisapati,Bimbisara,https://c.saavncdn.com/133/Bimbisara-Telugu-2022-20220809173633-500x500.jpg,https://aac.saavncdn.com/133/f36e890abfa58a0365c06ebce7331926_sar_320.mp4,286,2022,
p35U_ddg,Yellipoke Sakkani Seethamma,Ramu Rathod,Yellipoke Sakkani Seethamma,https://c.saavncdn.com/599/Yellipoke-Sakkani-Seethamma-Telugu-2023-20230125095011-500x500.jpg,https://aac.saavncdn.com/599/9cef0f2dc0a81f180b91a89a10323b74_320.mp4,218,2023,
QM5n_qUC,Inthena Inthena,Sid Sriram,Suryakantam,https://c.saavncdn.com/250/Suryakantam-Telugu-2019-20220827080849-500x500.jpg,https://aac.saavncdn.com/250/9eaca891029611a1c01e99a3260e8df5_320.mp4,265,2019,
5xMtiQza,Pachani Chilukalu,K.J. Yesudas,Bharateeyudu,https://c.saavncdn.com/607/Bharateeyudu-Telugu-1996-20221207155927-500x500.jpg,https://aac.saavncdn.com/607/5b73ff303e198c3b4b92e812010f6d52_320.mp4,351,1996,
t-lzLdfp,Guruvaram,Rahul Nambiar,Dookudu,https://c.saavncdn.com/136/Dookudu-Telugu-2011-20200501170222-500x500.jpg,https://aac.saavncdn.com/136/c61cf8f15c7269c770d01572b7eb467c_320.mp4,261,2011,
2o3V-50e,Maya Sundari (From &quot;Dhoom Dhaam&quot;),Anurag KulkarniGopi Sunder,Maya Sundari (From &quot;Dhoom Dhaam&quot;),https://c.saavncdn.com/178/Maya-Sundari-From-Dhoom-Dhaam-Telugu-2024-20240620121049-500x500.jpg,https://aac.saavncdn.com/178/32ca67e45a60c3ca10084d6785044d2b_320.mp4,223,2024,
BKfBapor,Andamaina Sunitha,Basheer MastarGotla Hanmanth YadavBharat,Folk Songs,https://c.saavncdn.com/270/Folk-Songs-Telugu-2019-20190919003154-500x500.jpg,https://aac.saavncdn.com/270/f7a5c0ef6f655062b4aab346ec4d5842_320.mp4,189,2019,
dip3Q4EO,Hanuman Chalisa (From &quot;HanuMan&quot;) [Telugu],GowraHariSaicharan Bhaskaruni,Hanuman Chalisa (From &quot;HanuMan&quot;) [Telugu],https://c.saavncdn.com/177/Hanuman-Chalisa-From-HanuMan-Telugu-Telugu-2023-20240620164711-500x500.jpg,https://aac.saavncdn.com/177/8d56bbf6111ab4cfde2ad55e91d317da_320.mp4,248,2023,
Q0cC7cQK,Bhoochadae,Rahul NambiarNavin MadhavShreya GhoshalRamya,Race Gurram,https://c.saavncdn.com/483/Race-Gurram-Telugu-2014-20231017181522-500x500.jpg,https://aac.saavncdn.com/483/8b757dd08c23710c36e102f8536c40c3_320.mp4,261,2014,
5QhTFpeQ,Time To Party,Devi Sri PrasadDavid SimonMalgadi Subha,Attarrintiki Daaredi,https://c.saavncdn.com/464/Attarrintiki-Daaredi-Telugu-2013-500x500.jpg,https://aac.saavncdn.com/464/a13c6848fb2b79f35ad4c9a4c1a56d93_320.mp4,269,2013,
VMWZ00lC,Jilibili Palukula,Ilaiyaraaja,Sithara,https://c.saavncdn.com/987/Sithara-Telugu-1984-500x500.jpg,https://aac.saavncdn.com/987/4afe841122b4f21ced94071c17a8129a_320.mp4,273,1984,
siCUBYoc,Allah,M. M. KeeravaniShankar MahadevanVijay Yesudas,Sri Ramadasu,https://c.saavncdn.com/836/Sri-Ramadasu-2006-500x500.jpg,https://aac.saavncdn.com/836/303391c23f2c118ac0e74bcae2099529_320.mp4,259,2006,
LK-ipItR,Nuvvem Maya,Mani SharmaShreya Ghoshal,Okkadu,https://c.saavncdn.com/408/Okkadu-2000-500x500.jpg,https://aac.saavncdn.com/408/b0e2f9df3ddd08a6abd45cd64aa34ec6_320.mp4,243,2000,
IfzApsoq,Edo Edo,Usha,Nuvvu Leka Nenu Lenu,https://c.saavncdn.com/033/Nuvvu-Leka-Nenu-Lenu-Telugu-2002-20230808022212-500x500.jpg,https://aac.saavncdn.com/033/c93168e77a296e1e9684eddde874c42c_320.mp4,301,2002,
Am7o8O9T,Vakrathunda Mahakaya,Vandemataram SrinivasS.P. Balasubrahmanyam,Devullu,https://c.saavncdn.com/186/Devullu-2000-500x500.jpg,https://aac.saavncdn.com/186/3a4b6ae7d2157a032cd91594b4a3cda5_320.mp4,289,2000,
Qi5AQWFt,Yey Chikittha,Ramana GogulaSunitha,Badri,https://c.saavncdn.com/032/Badri-2000-500x500.jpg,https://aac.saavncdn.com/032/27da53c4752a9b6cea4728c833743f47_320.mp4,269,2000,
TsnG9Yrn,Egirey Mabbulona,KK,Happy,https://c.saavncdn.com/null/Happy-Telugu-2005-20210130193253-500x500.jpg,https://aac.saavncdn.com/null/979e2d7b5b034591416f2034b8e53d04_320.mp4,234,2005,
3i93rsFn,Hrudayam Anu,Devi Sri PrasadSrinivasSrilekha Parthasarathy,Aaru,https://c.saavncdn.com/030/Aaru-2000-500x500.jpg,https://aac.saavncdn.com/030/fbbf1961e4a25a65c0b8a21ef5c79560_320.mp4,263,2000,
JtISKWya,Prema Vennela,Sudharshan Ashok,Chitralahari,https://c.saavncdn.com/358/Chitralahari-Telugu-2019-20190408100813-500x500.jpg,https://aac.saavncdn.com/358/50dc305dcdf08f73ab7059a12ffd2827_320.mp4,217,2019,
nQ25HnjG,Poonakaalu Loading,Devi Sri PrasadRoll RidaRam Miriyala,Waltair Veerayya (Original Motion Picture Soundtrack),https://c.saavncdn.com/377/Waltair-Veerayya-Original-Motion-Picture-Soundtrack-Telugu-2023-20230111122627-500x500.jpg,https://aac.saavncdn.com/377/b47b07bc6c83654e63e7d5d0b228d93c_320.mp4,198,2023,
Z9mfi6q-,Bae,Anirudh RavichanderAdithya RK,College Don,https://c.saavncdn.com/843/College-Don-Telugu-2022-20220510205233-500x500.jpg,https://aac.saavncdn.com/843/7ecefcff06dc2f0d8148a34dd8a80a80_320.mp4,242,2022,
pUQp7HUm,Bharata Vedamuga,Devi Sri PrasadK. S. Chithra,Pournamy,https://c.saavncdn.com/288/Pournamy-2000-500x500.jpg,https://aac.saavncdn.com/288/7b60d057f0aa47ce04daf0f511c8c9a8_320.mp4,349,2000,
cGRtD6Sp,Amma Amma,Harris JayarajS.P. BalasubrahmanyamSwetha Mohan,7th Sense,https://c.saavncdn.com/362/7th-Sense-Telugu-2011-20190822153155-500x500.jpg,https://aac.saavncdn.com/362/dd46bf1a4c2d0c3ab3db42f9b55b7bfc_320.mp4,367,2011,
4KxfN8Lm,Omkaram Srusthi,Devi Sri PrasadVenkat Sai,Damarukam,https://c.saavncdn.com/865/Damarukam-2012-500x500.jpg,https://aac.saavncdn.com/865/2c4e34714cad00181ec1e0fa6c4545d3_320.mp4,64,2012,
UAUANzAY,Neeve,Yazin Nizar,Neeve,https://c.saavncdn.com/758/Neeve-Telugu-2019-20191031231715-500x500.jpg,https://aac.saavncdn.com/758/c43503e70b05798543d979016095d959_320.mp4,307,2019,
S3Ekn7Wj,Atta Sudake,Devi Sri PrasadSameera Bharadwaj,Khiladi,https://c.saavncdn.com/blob/173/Khiladi-Telugu-2021-20220211182925-500x500.jpg,https://aac.saavncdn.com/000/a629805da35ba0efc448990bf9e3bd75_320.mp4,186,2021,
sewkau4E,Single's Anthem,Anurag Kulkarni,Bheeshma,https://c.saavncdn.com/558/Bheeshma-Telugu-2019-20200320104145-500x500.jpg,https://aac.saavncdn.com/558/117d6761ead206696a3d38021db32d00_320.mp4,203,2019,
hYM1aUJg,Baby Won't You Tell Me,Shankar MahadevanShweta MohanSiddharth Mahadevan,Saaho,https://c.saavncdn.com/186/Saaho-Telugu-2019-20190828024553-500x500.jpg,https://aac.saavncdn.com/186/79ca80fc38bfd06766adc937b4288c1c_320.mp4,262,2019,
6W1382Ie,Deevinchaave,Suhaas PrinceAnup RubensDr. P. Satish Kumar,Deevinchaave,https://c.saavncdn.com/366/Deevinchaave-Telugu-2023-20230806161507-500x500.jpg,https://aac.saavncdn.com/366/a25f166024cd4aef415f2f34ee996603_320.mp4,329,2023,
8kWALeFj,Brindavanam,Mangli Satyavathi,Rowdy Boys,https://c.saavncdn.com/970/Rowdy-Boys-Telugu-2021-20220112234034-500x500.jpg,https://aac.saavncdn.com/970/b9ea522998d7a7fa5a1b48f4c74e0416_320.mp4,232,2021,
NLSwH-Pv,Chalore Chalore (Hindi),Devi Sri Prasad,Jalsa,https://c.saavncdn.com/903/Jalsa-2008-500x500.jpg,https://aac.saavncdn.com/903/5d7b0020d62a7bb04b88cba5a8af3bb6_320.mp4,185,2008,
x0D-xvda,SteppaMaar,Mani SharmaAnurag KulkarniSahithi Chaganti,Double ISMART,https://c.saavncdn.com/310/Double-ISMART-Telugu-2024-20240701154416-500x500.jpg,https://aac.saavncdn.com/310/9dad92e1c28f2e7c1fdb606410b69aa2_320.mp4,232,2024,
4kR9mORp,Nalla Nagulamma (DJ Song),Akunuri DevaiahLavanya Potharaju,Nalla Nagulamma (DJ Song),https://c.saavncdn.com/462/Nalla-Nagulamma-DJ-Song-Telugu-2023-20231017155250-500x500.jpg,https://aac.saavncdn.com/462/cb5a38eed024636fd212720db6152500_320.mp4,275,2023,
EnmpaCZw,Kilimanjaro Bhala,A.R. RahmanJaved AliChinmayi Sripada,Robo,https://c.saavncdn.com/463/Robot-Telugu-2010-500x500.jpg,https://aac.saavncdn.com/304/f7e13b202eb3285f0c121c386751b21f_320.mp4,329,2010,
n5L9tp5g,Barbie Girl,Devi Sri PrasadJaspreet JaszSuchitra,Mirchi,https://c.saavncdn.com/500/Mirchi-2013-500x500.jpg,https://aac.saavncdn.com/500/f00f118751f4683f243146b0d2a4fe54_320.mp4,237,2013,
5pt9V47Y,Dil Mangey More,ChakriKunal GanjawalaMaha Lakshmi,Krishna,https://c.saavncdn.com/183/Krishna-2007-500x500.jpg,https://aac.saavncdn.com/183/f6b9d6304d92ad44e99bbcd592ec774b_320.mp4,225,2007,
dI413JgD,Kondalalo Nelakonna,Annamayya KeerthanaS.P. Balasubrahmanyam,Annamayya,https://c.saavncdn.com/243/Annamayya-Telugu-1997-20221207194819-500x500.jpg,https://aac.saavncdn.com/243/2a6c82c7c2816d5604e52824ee777c7c_320.mp4,89,1997,
CLlEhJvh,Maa Uri Cheruvu Venuka,Sruthi Patel,Palle Patalu(Best Folk Songs),https://c.saavncdn.com/136/Palle-Patalu-Best-Folk-Songs--Telugu-2019-20200709145908-500x500.jpg,https://aac.saavncdn.com/136/9e7becdda8b17cd8c0d47dae3181ebb0_320.mp4,270,2019,
45HH6Gzq,O Rendu Prema Meghaalila (Reprise),Vijai BulganinSreerama Chandra,Baby,https://c.saavncdn.com/732/Baby-Telugu-2023-20230710131123-500x500.jpg,https://aac.saavncdn.com/732/10a1639db951cd440cecd24fb46851ce_320.mp4,324,2023,
Eo_7XAzp,Manasulo Madhve,Sonu NigamSaindhavi,Sakuni,https://c.saavncdn.com/349/Sakuni-Telugu-2012-20210210160930-500x500.jpg,https://aac.saavncdn.com/349/7a9d17048aa6244a80bc267fa9f204ae_320.mp4,326,2012,
dDn0lFhJ,Osey Ramulamma,Vandemataram SrinivasSwarnalatha,Osey Ramulamma,https://c.saavncdn.com/746/Osey-Ramulamma-2000-500x500.jpg,https://aac.saavncdn.com/746/9c8598f28c99d18cff005364aec3c7ba_320.mp4,283,2000,
bWBsZnSq,Nee Tholisariga,R.P. PatnaikUsha,Santhosham,https://c.saavncdn.com/897/Santhosham-2000-500x500.jpg,https://aac.saavncdn.com/897/75e5a0363202e3690ea82238c8ad62ab_320.mp4,292,2000,
sWDxi7DD,Induvadana,IlaiyaraajaS. JanakiS.P. Balasubrahmanyam,Challenge,https://c.saavncdn.com/357/Challenge-2000-500x500.jpg,https://aac.saavncdn.com/357/08ba19dfd1022743203967dc8f55106e_320.mp4,261,1984,
PcBzzmkc,Paddanandi,Udit NarayanK. S. Chithra,Student No. 1,https://c.saavncdn.com/127/Student-No-1-2000-500x500.jpg,https://aac.saavncdn.com/127/886753ae304334dd7006a4d252d0b4d4_320.mp4,279,2000,
lQ83WjPF,Laychalo,ThamanMegha,Bruce Lee,https://c.saavncdn.com/023/Bruce-Lee-Telugu-2018-20180516-500x500.jpg,https://aac.saavncdn.com/023/004e28a4c0d3370b1da37ac1fd44b703_320.mp4,270,2018,
DNmKq0TR,Silakaaa,Thaman SRahul NambiarK. S. Chithra,Mirapakay,https://c.saavncdn.com/912/Mirapakay-2010-500x500.jpg,https://aac.saavncdn.com/912/75c7842d2f4aaa3e258e5ece1b7c1ec3_320.mp4,278,2010,
C72rFjC4,Gunzukunnaa,Shakthisree GopalanA.R. Rahman,Kadali,https://c.saavncdn.com/076/Kadali-Telugu-2012-20190822130810-500x500.jpg,https://aac.saavncdn.com/076/f2554349eb8f896e74ef9680304df42f_320.mp4,286,2012,
dsscTpKf,Sankurathri Kodi,A.R. RahmanMadhusri,Yuva,https://c.saavncdn.com/083/Yuva-Telugu-2004-500x500.jpg,https://aac.saavncdn.com/083/e8acdf4115738b5807f8b0bd66fc2a91_320.mp4,295,2004,
8s6FLnUw,Voddura Sodhara,S.P. Balasubrahmanyam,Manmadhudu,https://c.saavncdn.com/386/Manmadhudu-Telugu-2002-20190206140019-500x500.jpg,https://aac.saavncdn.com/386/1befb784b5b785344a0822d0178b55d2_320.mp4,339,2002,
GjAzxptz,Andhari Bhanduvayya,Vandemataram SrinivasS.P. Balasubrahmanyam,Devullu,https://c.saavncdn.com/186/Devullu-2000-500x500.jpg,https://aac.saavncdn.com/186/b977e0041ab3109b15c7ac136c113864_320.mp4,342,2000,
qiVHLNvd,Yeluko Nayaka,Mani SharmaGangaMallikarjun,Narasimhudu,https://c.saavncdn.com/497/Narasimhudu-2005-500x500.jpg,https://aac.saavncdn.com/497/6f1e9058675cf83d7b0b0a179b9d8825_320.mp4,294,2005,
n5Cl67g7,Roja Roja,P. Unni Krishnan,Premikula Roju,https://c.saavncdn.com/474/Premikula-Roju-Telugu-1999-20191016112959-500x500.jpg,https://aac.saavncdn.com/474/09c4ed16566829678efd648df3a9a108_sar_320.mp4,347,1999,
83nTXU5C,One More Time,RanjithLipsika BhashyamAnup Rubens,Temper,https://c.saavncdn.com/395/Temper-Telugu-2015-500x500.jpg,https://aac.saavncdn.com/395/6ee5ebf019129c2586df626957ca0c9f_320.mp4,275,2015,
BoDIFPzX,Taagudam,CNU Beats,Taagudam,https://c.saavncdn.com/198/Taagudam-Telugu-2024-20240418222347-500x500.jpg,https://aac.saavncdn.com/198/a9b9e77dfd8c3ab66166f2e1e09413f8_320.mp4,180,2024,
EopSAInU,Jabiliki,S.A. Raj KumarShreya GhoshalRajesh,Andala Raamudu,https://c.saavncdn.com/579/Andala-Raamudu-2006-500x500.jpg,https://aac.saavncdn.com/579/631ce25a2d2964d134c272493e176fa9_320.mp4,267,2006,
XK-W-dC0,Maayadari Pillada,Nagur BabuRadhika,Bobbili Simham,https://c.saavncdn.com/657/Bobbili-Simham-Telugu-1995-500x500.jpg,https://cdn.pixabay.com/download/audio/2022/04/27/audio_6ebb6aaa24.mp3?filename=lofi-study-112191.mp3,296,1994,
oOZ5qqQ-,Tirumalavaasa Sri Venkatesha,Lalitha Saagari,Venkateswara Manasa Smarami,https://c.saavncdn.com/055/Venkateswara-Manasa-Smarami-Telugu-2013-20180720-500x500.jpg,https://aac.saavncdn.com/055/4861697e9065c97b55e34e7af238ae22_320.mp4,1185,2013,
m5B5ZK7X,Kannu Kottina,Udit NarayanSujatha Mohan,Balu ABCDEFG,https://c.saavncdn.com/293/Balu-ABCDEFG-Telugu-2004-500x500.jpg,https://aac.saavncdn.com/293/7e3444f69a14afe8bbf66446dfbb28f1_320.mp4,276,2004,
IjoXBZHv,Shiva Thandavam,Bhole ShavaliSrikanth Meka,Om Namo Shiva Rudraya,https://c.saavncdn.com/495/Om-Namo-Shiva-Rudraya-2011-500x500.jpg,https://aac.saavncdn.com/495/1a46adffafc6ecc8d55bc4a78b05714c_320.mp4,317,2011,
55p_1h6D,Life of Pandu,Dinker kalvalaSri Sai Kiran,Thiru,https://c.saavncdn.com/516/Thiru-Telugu-2023-20230410113152-500x500.jpg,https://aac.saavncdn.com/516/a37403f1e1a2bc322136398ca1cb2268_320.mp4,234,2023,
BQkKJHLw,Govindaa Sritha,Annamayya KeerthanaS.P. BalasubrahmanyamM.M. KeeravaaniAnand BhattacharyaAnuradha Paudwal,Annamayya,https://c.saavncdn.com/243/Annamayya-Telugu-1997-20221207194819-500x500.jpg,https://aac.saavncdn.com/243/4be2b399197f832c252896028ac3fcc8_320.mp4,478,1997,
4ONxGCuA,Aaresukopoyi,P. SusheelaS.P. BalasubrahmanyamK. V. Mahadevan,Adavi Ramudu,https://c.saavncdn.com/484/Adavi-Ramudu-Telugu-1977-500x500.jpg,https://aac.saavncdn.com/484/848fbecbcc03e148db197f2729213e45_sar_320.mp4,208,1977,
v-IM-v59,Pedave Palikina,A.R. RahmanSadhana SargamUnni Krishnan,Naani,https://c.saavncdn.com/470/Nani-2004-500x500.jpg,https://aac.saavncdn.com/470/74e6a6245ab83412ac6931f78f9fbf05_320.mp4,264,2004,
WNsoMAsO,Hrudhayam,Mani SharmaHemachandra,Parugu,https://c.saavncdn.com/489/Parugu-2008-500x500.jpg,https://aac.saavncdn.com/489/9109ab4883475bf6bc951f7cff346a00_320.mp4,228,2008,
7XS9F7Bw,Seere Gattina Sudava (DJ Version),Singer UshakkaLavanya Ravindar,Seere Gattina Sudava (DJ Version),https://c.saavncdn.com/226/Seere-Gattina-Sudava-DJ-Version-Telugu-2024-20240205161337-500x500.jpg,https://aac.saavncdn.com/226/8b5f8f596927f832ac795515ac2ec928_320.mp4,225,2024,
K8vDL-1C,Tharagathi Pathos,Kaala Bhairava,Colour Photo,https://c.saavncdn.com/null/Colour-Photo-Telugu-2020-20201118205906-500x500.jpg,https://aac.saavncdn.com/null/2ad3cbd1a1357944e5795f9601187d10_320.mp4,123,2020,
IeV0qZ_K,Yentho Ruchira,M. M. KeeravaniS.P. Balasubrahmanyam,Sri Ramadasu,https://c.saavncdn.com/836/Sri-Ramadasu-2006-500x500.jpg,https://aac.saavncdn.com/836/ac839c07042dbc243b645ee982db662d_320.mp4,169,2006,
ndTs63kc,Sandram Lona Neerantha,Sean Roldan,Uppena,https://c.saavncdn.com/587/Uppena-Telugu-2020-20210218155246-500x500.jpg,https://aac.saavncdn.com/587/f5eafb8133fc7a5c505b636ba61520e1_320.mp4,238,2020,
wT8Cw2mU,Jivvumani Kondagali,ManoS. JanakiRaj Koti,Lankeswarudu,https://c.saavncdn.com/252/Lankeswarudu-Telugu-1989-500x500.jpg,https://aac.saavncdn.com/252/719ff84ab32426ca306c9a9f2935c8c9_320.mp4,274,1989,
MFJWVByP,Dol Dol Dol Bhaje,Devi Sri PrasadAnitha KarthikeyanM.L.R. Karthikeyan,Mr. Perfect,https://c.saavncdn.com/358/Mr-Perfect-2011-500x500.jpg,https://aac.saavncdn.com/358/bea09cdf09908c4136c8aa1d78f1bf80_320.mp4,273,2011,
HJqp85Zd,Zindabad Zindabad,Sarath SanthoshRamya Behara,Ismart Shankar,https://c.saavncdn.com/213/Ismart-Shankar-Telugu-2019-20190711134004-500x500.jpg,https://aac.saavncdn.com/137/751f4fcf738640517f3dbcf6408c392f_320.mp4,189,2019,
MCB_YOPs,Digu Digu Digu Naaga,Shreya Ghoshal,Varudu Kaavalenu,https://c.saavncdn.com/000/Varudu-Kaavalenu-Telugu-2021-20211025163712-500x500.jpg,https://aac.saavncdn.com/000/fd8aceafae70b43e1c5cd7ea6182905b_320.mp4,193,2021,
o5_KZGHP,Premantey Enti,Shweta PanditHaricharan,Pelli SandaD,https://c.saavncdn.com/000/Pelli-SandaD-Telugu-2021-20211012232740-500x500.jpg,https://aac.saavncdn.com/null/3544a5b6fe04bfc62f02b65ec49670ff_320.mp4,215,2021,
KVao3jqx,Avunu Nijam,KKSunitha Upadrasta,Athadu,https://c.saavncdn.com/373/Athadu-2000-500x500.jpg,https://aac.saavncdn.com/373/1d1c12de5b17d60b74b47834f7af8f2d_320.mp4,305,2005,
oQCQWNLj,Bathuku Marchindi Jagananna Raa,Jagananna Connects,Bathuku Marchindi Jagananna Raa,https://c.saavncdn.com/359/Bathuku-Marchindi-Jagananna-Raa-Telugu-2024-20240424085700-500x500.jpg,https://aac.saavncdn.com/359/7a0be4f22371186dae09bbcd3696bd79_320.mp4,302,2024,
6pLkl9aY,Guche Gulabi,Armaan Malik,Most Eligible Bachelor,https://c.saavncdn.com/586/Most-Eligible-Bachelor-Telugu-2020-20211011224715-500x500.jpg,https://aac.saavncdn.com/586/6ec61ced980fbc1a1f80d96ee982b532_320.mp4,282,2020,
Dfljbu2d,Mellaga Tellarindoi,Anurag KulkarniRamya BeharaMohana Bhogaraju,Shatamanam Bhavati,https://c.saavncdn.com/558/Shatamanam-Bhavati-Telugu-2016-500x500.jpg,https://aac.saavncdn.com/558/52edab3e5bcb6517b508ba1a6e3305ad_320.mp4,252,2016,
OIT4AVaM,Nenante Naaku,Devi Sri PrasadAdnan Sami,Oosaravelli,https://c.saavncdn.com/678/Oosaravelli-2011-500x500.jpg,https://aac.saavncdn.com/678/594a866f5aed02d4542c10308233fb54_320.mp4,244,2011,
M6MBEiba,Rave Rajahamsala,KotiS.P. BalasubrahmanyamSujatha Mohan,Muddula Mogudu,https://c.saavncdn.com/400/Muddula-Mogudu-2000-500x500.jpg,https://aac.saavncdn.com/400/1a466b8bd4c63f8830e3827d9b6aed6c_320.mp4,287,2000,
vCcxbx6x,Aale Bale,Mani SharmaShravana BhargaviHemachandra,Teenmaar,https://c.saavncdn.com/003/Teenmaar-2011-500x500.jpg,https://aac.saavncdn.com/003/b0f0419f0b1159c5870deba6f353b19d_320.mp4,307,2011,
8Ts157Jy,Gummadi Narsaiah,Charan Arjun,Gummadi Narsaiah,https://c.saavncdn.com/676/Gummadi-Narsaiah-Telugu-2024-20240227172123-500x500.jpg,https://cdn.pixabay.com/download/audio/2022/04/27/audio_6ebb6aaa24.mp3?filename=lofi-study-112191.mp3,292,2024,
QUlRNq2J,Jatha Kalise,SagarSuchitraDevi Sri Prasad,Srimanthudu,https://c.saavncdn.com/171/Srimanthudu-Telugu-2015-500x500.jpg,https://aac.saavncdn.com/171/a2690e83453d2c1052ae91fdf1fe20fa_320.mp4,224,2015,
D1b9vZTv,Vayari Bhama,Ramana Gogula,Thammudu,https://c.saavncdn.com/399/Thammudu-2000-500x500.jpg,https://aac.saavncdn.com/399/69ffcf2cc50cdd65a91e3bc00c070f8f_320.mp4,317,2000,
0Ivh1ABZ,Sri Hanuman Suprabhatham,Dr. P. SrinivasAshok Gurjale,Sri Hanuman Suprabhatam Sri Hanuman Chalisa,https://c.saavncdn.com/044/Sri-Hanuman-Suprabhatam-Sri-Hanuman-Chalisa-Telugu-2004-500x500.jpg,https://aac.saavncdn.com/044/2da17199c8fce599c977be17357718a0_320.mp4,463,2004,
n28_O29t,Pandagala,Devi Sri PrasadKailash Kher,Mirchi,https://c.saavncdn.com/500/Mirchi-2013-500x500.jpg,https://aac.saavncdn.com/500/a2e67d166c37067b39be48aa2d9259f9_320.mp4,291,2013,
iBbLfBJq,Sarasalu,ManoS. Janaki,Shiva,https://c.saavncdn.com/654/Shiva-Telugu-1989-20171129-500x500.jpg,https://aac.saavncdn.com/654/8c8044a389350566b2a139aac6ed9a4f_320.mp4,307,1989,
OUsdBshL,Pataku Pranam,Harris JayarajKKSwarnalatha,Vaasu,https://c.saavncdn.com/038/Vaasu-2002-500x500.jpg,https://aac.saavncdn.com/038/bf3aab277a8a59513a331ac98954ec28_320.mp4,372,2002,
UGixnCIT,Julai,Devi Sri PrasadPriya HemeshSuchith Suresan,Julai,https://c.saavncdn.com/818/Julai-2012-500x500.jpg,https://aac.saavncdn.com/818/2bf1efb1747ee279236693b4e25ae381_320.mp4,260,2012,
0OWzi2z2,You're My Love,Piyush KapoorDevi Sri Prasad,1 Nenokkadine,https://c.saavncdn.com/075/1-Nenokkadine-Telugu-2014-20230327123727-500x500.jpg,https://aac.saavncdn.com/075/a6ef9949513ba728ebeb1492d4110614_320.mp4,273,2014,
zJjiP5lc,Nannedo Syeeamaku,M.M. KeeravaniSunitha Upadrasta,Simhadri,https://c.saavncdn.com/748/Simhadri-Telugu-2003-500x500.jpg,https://aac.saavncdn.com/748/c883dccd350f708e237e6e3765453505_320.mp4,302,2003,
SS6hWXkW,Choosa Choosa,PadmalathaSniggy,Dhruva,https://c.saavncdn.com/889/Dhruva-Telugu-2016-500x500.jpg,https://aac.saavncdn.com/889/eefa026592dc05c6a4e7b73035815aed_320.mp4,200,2016,
gfZ4vKNM,Kumkumala,PritamSid Sriram,Brahmastra (Telugu) (Original Motion Picture Soundtrack),https://c.saavncdn.com/490/Brahmastra-Telugu-Original-Motion-Picture-Soundtrack-Telugu-2022-20221006132910-500x500.jpg,https://aac.saavncdn.com/490/7932037e6ae5f39472a9e2e1a604fe10_320.mp4,278,2022,
bLpJKb9b,Lollipop,Sid Sriram,Lollipop,https://c.saavncdn.com/112/Lollipop-Telugu-2022-20220330163721-500x500.jpg,https://aac.saavncdn.com/112/f8de68975bd4a5e6f4fccce4f799b6e8_320.mp4,329,2022,
FboBrPMi,Vana Vallappa,HariharanSujatha Mohan,Annayya,https://c.saavncdn.com/000/Annayya-Telugu-2000-20220219160623-500x500.jpg,https://aac.saavncdn.com/000/1f9492e8d04246193bcd5d9fd4ff0ee2_320.mp4,298,2000,
EnjtRu7n,Manasu Palike,S. P. BalasubrahmanyamS. Janaki,Swati Mutyam,https://c.saavncdn.com/679/Swati-Mutyam-2000-500x500.jpg,https://aac.saavncdn.com/679/c99ef638d6879637ad752678f5aa4f6d_320.mp4,334,2000,
MDAyUL7f,Endukanta Joda,Harris JayarajBalramNaresh IyerSuchith Suresan,7th Sense,https://c.saavncdn.com/362/7th-Sense-Telugu-2011-20190822153155-500x500.jpg,https://aac.saavncdn.com/362/e130e6542bbdde9cb088bcb2f42509f4_320.mp4,296,2011,
76pnVEru,Prema Yatralaku,GhantasalaP. Susheela,Gundamma Katha,https://c.saavncdn.com/182/Gundamma-Katha-Telugu-1962-20191016112959-500x500.jpg,https://aac.saavncdn.com/182/978a3a6429600197dc4c9404512a0698_sar_320.mp4,202,1962,
H9Y4ptUM,Om Namaha,IlaiyaraajaS.P. BalasubrahmanyamS. Janaki,Geetanjali,https://c.saavncdn.com/556/Geetanjali-1989-500x500.jpg,https://aac.saavncdn.com/556/86d9179bb54f9cd158c6439bbbe88237_320.mp4,243,1989,
In-m3dd1,Sathamana Mannadile,Mani SharmaSadhana SargamHariharan,Mruga Raju,https://c.saavncdn.com/386/Mruga-Raju-2001-500x500.jpg,https://aac.saavncdn.com/386/89fad3cfa055f81ba01873f02a85a08a_320.mp4,338,2001,
Iich8pMQ,Barbi Bommaki,Mani SharmaBenny DayalShravana Bhargavi,Teenmaar,https://c.saavncdn.com/003/Teenmaar-2011-500x500.jpg,https://aac.saavncdn.com/003/f04b54283474b7e0aec491733d9e52ea_320.mp4,265,2011,
FtUqqGyN,Aakasa Ganga,KamalakarKarthik,Vaana,https://c.saavncdn.com/012/Vaana-2007-500x500.jpg,https://aac.saavncdn.com/012/0c69bb844079fd5a461d6687cbec1dda_320.mp4,307,2007,
XRllnLXe,Manasa Manasa,Anirudh RavichanderDhanushSunitha Sarathy,Nava Manmadhudu,https://c.saavncdn.com/188/Nava-Manmadhudu-Telugu-2015-500x500.jpg,https://aac.saavncdn.com/188/7be51da9135764b3ad95de4b71c0aa2c_320.mp4,268,2015,
bCRfAFbq,Andagaada,Harris JayarajHarini,Gharshana (New),https://c.saavncdn.com/944/Gharshana-New-2004-500x500.jpg,https://aac.saavncdn.com/944/5f6f88ee5f2a9c435edcf257c44ec93b_320.mp4,322,2004,
prH1Eumb,"Ye Chota Nuvvunna (feat. Tulsi Kumar, Haricharan Seshadri)",Guru Randhawa,Saaho,https://c.saavncdn.com/186/Saaho-Telugu-2019-20190828024553-500x500.jpg,https://aac.saavncdn.com/186/e085c4b3fd8a6ebeb7753917b7118d14_320.mp4,194,2019,
4zaIGWIH,Kanapadava Male,Anand Aravindakshan,Paagal,https://c.saavncdn.com/000/Paagal-Telugu-2021-20210816225439-500x500.jpg,https://aac.saavncdn.com/000/93ebd14b86b42fa1146f604e881bc634_320.mp4,81,2021,
pW07pw6w,Jallantha,IlaiyaraajaK. S. Chithra,Geetanjali,https://c.saavncdn.com/556/Geetanjali-1989-500x500.jpg,https://aac.saavncdn.com/556/e50f14a91eac71f72f5c99c68ae6048a_320.mp4,248,1989,
M214DpMD,Jalsa Jalsa (Remix),Baba SehgalDevi Sri Prasad,Jalsa,https://c.saavncdn.com/903/Jalsa-2008-500x500.jpg,https://aac.saavncdn.com/903/55cc3d23778c9a86233cb4fbb9105fb0_320.mp4,242,2008,
YO4Xautp,Kathakaadhey,Anirudh RavichanderAjeshSrinidhi Venkatesh,Remo (Telugu) [Original Motion Picture Soundtrack],https://c.saavncdn.com/342/Remo-Telugu-Original-Motion-Picture-Soundtrack--Telugu-2016-20210522202710-500x500.jpg,https://aac.saavncdn.com/342/a28e98bcbe6721bc09d187cc5ec248d4_320.mp4,245,2016,
VcZ0c1ZM,Love Dhebba,DeepakSravana BhargaviDevi Sri Prasad,Nannaku Prematho,https://c.saavncdn.com/304/Nannaku-Prematho-Telugu-2015-500x500.jpg,https://aac.saavncdn.com/304/d144a000b7dd5f5361f9e0826bd0b4ff_320.mp4,236,2015,
y0qGJieJ,Thattukolede,Vijai BulganinSindhuja Srinivasan,Thattukolede,https://c.saavncdn.com/784/Thattukolede-Telugu-2021-20220813215203-500x500.jpg,https://aac.saavncdn.com/784/5d359465e2fc4913f79fc763b72926b3_320.mp4,284,2021,
YYHedldq,Yamunatheeram,K.M. Radha KrishnanK. S. ChithraHariharan,Anand,https://c.saavncdn.com/453/Anand-2004-500x500.jpg,https://aac.saavncdn.com/453/3e50b61ad4420024fb0d3af09f1d74ff_320.mp4,250,2004,
h6oW4ZOB,Nachore Nachore,DeepuGanga,Yamadonga,https://c.saavncdn.com/687/Yamadonga-Telugu-2007-500x500.jpg,https://cdn.pixabay.com/download/audio/2022/03/15/audio_c8c8a73467.mp3?filename=fun-life-112188.mp3,294,2007,
AoKUNBRi,Malleteegaroi,ChakriKousalya,Andhrawala,https://c.saavncdn.com/617/Andhrawala-2003-500x500.jpg,https://aac.saavncdn.com/617/0dcfbadfdcba700c0f76a2b7e79d57e8_320.mp4,328,2003,
WcKZg-Zh,Gurijala Guttamidha,Relare Ganga,Gurijala Guttamidha,https://c.saavncdn.com/979/Gurijala-Guttamidha-Telugu-2024-20240524102004-500x500.jpg,https://aac.saavncdn.com/979/fdc0ad1e5b75ca43d2d75c35ab35c1b3_320.mp4,198,2024,
BHp5E8n-,Rangulalo,IlaiyaraajaS. JanakiS.P. Balasubrahmanyam,Abhinandana,https://c.saavncdn.com/365/Abhinandana-2000-500x500.jpg,https://aac.saavncdn.com/365/f2a23f9b79da0659d71b6c51b4f132e2_320.mp4,269,2000,
ykz4LGD4,Pari Poke Pitta,MallikarjunSagar,Nuvvostanante Nenoddantana,https://c.saavncdn.com/347/Nuvvostanante-Nenoddantana-Telugu-2014-20181121-500x500.jpg,https://aac.saavncdn.com/347/fa881a1821f8a77298ad4454ad3ae84d_320.mp4,217,2014,
qvy3Sv96,Shivaratri Song 2019,Mangli,Shivaratri Song 2019,https://c.saavncdn.com/329/Shivaratri-Song-2019-Telugu-2021-20211215104304-500x500.jpg,https://aac.saavncdn.com/329/2bb38e9eac0f49a3699c84f7651cd647_320.mp4,296,2021,
5xfbequv,Laalu Dharvaja,Devi Sri PrasadNaveenMuraliPriya Prakash,Bommarillu,https://c.saavncdn.com/843/Bommarillu-2000-500x500.jpg,https://aac.saavncdn.com/843/9844f46cae3925c84c2c94a32f3eccfe_320.mp4,294,2000,
giiMSaUI,Banthi Poola Janaki,Thaman SDaler MehndiRanina Reddy,Baadshah,https://c.saavncdn.com/266/Baadshah-2013-500x500.jpg,https://aac.saavncdn.com/266/1bdc7a0f0560222d8a279ef24d4414b1_320.mp4,274,2013,
N17qOmWn,Nee Kallathoti,K. S. ChithraGandham Sagar,Tulasi,https://c.saavncdn.com/722/Tulasi-Telugu-2007-20230808011742-500x500.jpg,https://aac.saavncdn.com/722/41bf1ef8992aff691ad2a64f67c4c3f1_320.mp4,236,2007,
zPQahk2l,Adiga Adiga,Sid Sriram,Ninnu Kori,https://c.saavncdn.com/070/Ninnu-Kori-Telugu-2017-20220323073319-500x500.jpg,https://aac.saavncdn.com/070/c9fc65602ab820be804527719172ac5c_sar_320.mp4,209,2017,
kXD62y_C,Prema Desam,Mani SharmaSaindhaviHemachandra,Shakti,https://c.saavncdn.com/756/Shakti-2011-500x500.jpg,https://aac.saavncdn.com/756/2ed36752d3643b3d7de0385ebc2d754d_320.mp4,275,2011,
YCqWfNCl,Beautiful Love,Armaan MalikChaitra Ambadipudi,Naa Peru Surya Naa Illu India,https://c.saavncdn.com/416/Naa-Peru-Surya-Naa-Illu-India-Telugu-2018-20180422-500x500.jpg,https://aac.saavncdn.com/416/8da744ad9901eb01541c26750e26cd8e_320.mp4,291,2018,
fbehi1XH,Neneppudaina,Shankar MahadevanShreya Ghoshal,Ramayya Vasthavayya,https://c.saavncdn.com/216/Ramayya-Vastavayya-2013-500x500.jpg,https://aac.saavncdn.com/216/d1cd289e7cd9b165a03e1e21934f0084_320.mp4,228,2013,
#NAME?,Chakkiliginthala Ragam,S. P. BalasubrahmanyamK. S. ChithraRaj-Koti,Kodama Simham,https://c.saavncdn.com/245/Kodama-Simham-Telugu-1990-500x500.jpg,https://cdn.pixabay.com/download/audio/2022/04/27/audio_6ebb6aaa24.mp3?filename=lofi-study-112191.mp3,296,1990,
CSyI1uYu,Oorantha,Mangli Satyavathi,Rang De,https://c.saavncdn.com/null/Rang-De-Telugu-2020-20210322181921-500x500.jpg,https://aac.saavncdn.com/null/979dfd818ded60dbcefd6165ac23acba_320.mp4,258,2020,
t1cNhwy1,Peniviti,Kaala Bhairava,Aravindha Sametha,https://c.saavncdn.com/260/Aravindha-Sametha-Telugu-2018-20181031-500x500.jpg,https://aac.saavncdn.com/260/178ab705c3f9086e6e1d0050cdb7039d_320.mp4,310,2018,
QPI1zNLY,Chaliga Undannadey,Mani SharmaK. S. ChithraS.P. Balasubrahmanyam,Samarasimha Reddy,https://c.saavncdn.com/550/Samarasimha-Reddy-2000-500x500.jpg,https://aac.saavncdn.com/550/8b07116ee6f8460535b29280782a69bc_320.mp4,297,2000,
tJAqH-LD,Cheli Chemaku,Yuvan Shankar RajaAdnan SamiShweta MohanAnushka,Aadavari Matalaku Ardhalu Veruley,https://c.saavncdn.com/483/Aadavari-Matalaku-Ardhalu-Veruley-2007-500x500.jpg,https://aac.saavncdn.com/483/6b657520424a01d61b63804cf92be0d8_320.mp4,308,2007,
kTK9Pvzd,Ule Ule,Sunny M.R.Ram Miriyala,Om Bheem Bush,https://c.saavncdn.com/000/Om-Bheem-Bush-Telugu-2024-20240401231417-500x500.jpg,https://aac.saavncdn.com/000/fe550c729f130abbc1e74c0f0710a402_320.mp4,107,2024,
BjMfQqiw,Attantode,Ravi VarmaSuchitra,Desamuduru,https://c.saavncdn.com/756/Desamuduru-Telugu-2006-20180406-500x500.jpg,https://aac.saavncdn.com/756/2fd60d159ad0618697d4a1aa240168c3_320.mp4,302,2006,
KpCKUmYO,Venkata Ramana Tandri Venkata Ramana,M.Ravikumar,Venkata Ramana Tandri Venkata Ramana,https://c.saavncdn.com/724/Venkata-Ramana-Tandri-Venkata-Ramana-Telugu-2022-20220106205309-500x500.jpg,https://aac.saavncdn.com/724/0a3ac60408798306d993d782f5bc7f22_320.mp4,1312,2022,
yhEt1lmG,Diamond Girl,Thaman SSilambarasan TRSuchitra,Baadshah,https://c.saavncdn.com/266/Baadshah-2013-500x500.jpg,https://aac.saavncdn.com/266/934e720fb3e840f9c2879c817614d798_320.mp4,239,2013,
AJXFBe_7,Ranu Ranu,TejaR.P. Patnaik,Jayam,https://c.saavncdn.com/240/Jayam-2002-500x500.jpg,https://aac.saavncdn.com/240/e7f7cf4dec5130ead565b41ee6349bb5_320.mp4,291,2002,
kjy2WknT,Evo Evo Kalale,Jonita GandhiNakul Abhyankar,Love Story,https://c.saavncdn.com/582/Love-Story-Telugu-2020-20210923220520-500x500.jpg,https://aac.saavncdn.com/582/83fd79561254e1e1c0f69cc0f5c0d7f1_320.mp4,267,2020,
hqBKxmQ2,Nee Illu Bangaram,TippuSunitha Upadrasta,Yogi,https://c.saavncdn.com/630/Yogi-Telugu-2006-20190723074525-500x500.jpg,https://aac.saavncdn.com/630/fa5e93d86561cb1e075168b3c5112821_320.mp4,268,2006,
2sgZSKQN,Innallu (Bit),Mani SharmaUsha,Chirutha,https://c.saavncdn.com/959/Chirutha-2007-500x500.jpg,https://aac.saavncdn.com/959/b71e391eef6821f31bf5080d3eebe644_320.mp4,110,2007,
sBwplstg,Bangaru Kalla,Mani SharmaUdit Narayan,Murari,https://c.saavncdn.com/678/Murari-2000-500x500.jpg,https://aac.saavncdn.com/678/7c5ae7dab5c90e7361b4625f49721f4d_320.mp4,301,2000,
OckcU4R2,Bangaru Kodi Petta (Remix),RanjithShivaniM. M. Keeravani,Bangaru Kodi Petta (Remix),https://c.saavncdn.com/967/Bangaru-Kodi-Petta-Remix-Telugu-2010-20220827083306-500x500.jpg,https://aac.saavncdn.com/967/57520eedcf3a23528ebd997b18c8b52b_320.mp4,364,2010,
NOOEbDjJ,Dasarathi,M. M. KeeravaniK. S. ChithraS.P. Balasubrahmanyam,Sri Ramadasu,https://c.saavncdn.com/836/Sri-Ramadasu-2006-500x500.jpg,https://aac.saavncdn.com/836/d6be775a92410994aacd93d1f2415eed_320.mp4,227,2006,
WKH-PJJr,Jalabulajangu,Anirudh RavichanderNakash Aziz,College Don,https://c.saavncdn.com/843/College-Don-Telugu-2022-20220510205233-500x500.jpg,https://aac.saavncdn.com/843/d3eb0a77edffb117c752153c59de8b2e_320.mp4,205,2022,
fu61lS6Q,Neelambari,Ramya BeharaAnurag Kulkarni,Acharya​,https://c.saavncdn.com/000/Acharya-Telugu-2022-20220523113832-500x500.jpg,https://aac.saavncdn.com/000/5e5a4e29ad1b9fd05a5818f6be674134_320.mp4,254,2022,
QIIUgZKc,Nuvante Nakistamani,R.P. PatnaikRajeshUsha,Santhosham,https://c.saavncdn.com/897/Santhosham-2000-500x500.jpg,https://aac.saavncdn.com/897/744b025b99178c862b1ff17864ad1124_320.mp4,302,2000,
jrxwYoya,Ammayi (From &quot;ANIMAL&quot;) [Telugu],Raghav ChaitanyaAnantha SriramPritamJAM8,Ammayi (From &quot;ANIMAL&quot;) [Telugu],https://c.saavncdn.com/565/Ammayi-From-ANIMAL-Telugu-Telugu-2023-20231011081003-500x500.jpg,https://aac.saavncdn.com/565/a091b6d33bf519fa9a7a22a901181fb3_320.mp4,275,2023,
LKtTl_zE,Maate Manthram,Ilaiyaraaja,Seeta Kokka Chilakka (Telugu),https://c.saavncdn.com/949/Seeta-Kokka-Chilakka-Telugu-Telugu-1981-500x500.jpg,https://aac.saavncdn.com/949/0005a90e101f9bb21248c48396f163d4_320.mp4,274,1981,
VvYK0Wm-,Vayyarala,Mani SharmaN.C. Karunya,Teenmaar,https://c.saavncdn.com/003/Teenmaar-2011-500x500.jpg,https://aac.saavncdn.com/003/4bda5c71e5129894cb0f927a66bfd8c4_320.mp4,321,2011,
VHdt0Mfe,Ramma Chilakamma,Mani SharmaUdit Narayan,Choodalani Undi,https://c.saavncdn.com/039/Choodalani-Undi-2000-500x500.jpg,https://aac.saavncdn.com/039/fbe3fd72cde78045607b6891c7b2b770_320.mp4,286,2000,
j_dhjkkV,Inte Inthinte,KK,Balu ABCDEFG,https://c.saavncdn.com/293/Balu-ABCDEFG-Telugu-2004-500x500.jpg,https://aac.saavncdn.com/293/6352605b0fa76201651e16140546a447_320.mp4,317,2004,
pCT1PulX,Maga Dheera,A.R. RahmanShankar MahadevanS. Janaki,Oke Okkadu,https://c.saavncdn.com/406/Oke-Okkadu-1999-500x500.jpg,https://aac.saavncdn.com/406/bbfbbb09a4f32691e6389921e531bc3e_320.mp4,403,1999,
olP0brLD,Sairo Sairo,Thaman SRanjithRahul NambiarNaveen,Baadshah,https://c.saavncdn.com/266/Baadshah-2013-500x500.jpg,https://aac.saavncdn.com/266/b96d30b5bce09b1b12e9c5050db18143_320.mp4,231,2013,
aG4WBKbQ,Joole Joole,Devi Sri PrasadKalpanaMallikarjun,Varsham,https://c.saavncdn.com/449/Varsham-2003-500x500.jpg,https://aac.saavncdn.com/449/a2d9176bd96560525ad1a5b2bb4b19c7_320.mp4,304,2003,
3J_4C5cX,Oh Pilla,HaricharanHarini IvaturiThe Fantasia Men,Oh Pilla,https://c.saavncdn.com/709/Oh-Pilla-Telugu-2022-20220810091231-500x500.jpg,https://aac.saavncdn.com/709/7c9556feeb10ce280ffd693eb47fa296_320.mp4,308,2022,
nYOxlWqS,Baavavi Nuuvu,KotiK. S. ChithraS.P. Balasubrahmanyam,Pedarayudu,https://c.saavncdn.com/720/Pedarayudu-2000-500x500.jpg,https://aac.saavncdn.com/720/3a18a67929a68476a8ffd8e202c0756a_320.mp4,268,2000,
MmW9dGtI,Kolo Kolamma,S.P. BalasubrahmanyamS. Janaki,Kondaveeti Donga,https://c.saavncdn.com/243/Kondaveeti-Donga-Telugu-1990-20180718-500x500.jpg,https://aac.saavncdn.com/243/337cb27fef5ce5edd00408ea284e19df_320.mp4,263,1990,
tvy_r9m-,Macha Vachey Ra (Vibe Anthem),The Fantasia MenAnthony Daasan,Macha Vachey Ra (Vibe Anthem),https://c.saavncdn.com/496/Macha-Vachey-Ra-Vibe-Anthem-Telugu-2024-20240531174609-500x500.jpg,https://aac.saavncdn.com/496/47762811787c865bd7a39f3bfc4f8194_320.mp4,196,2024,
goMAn0Db,Unnatundi Gundey,KarthikChinmayi,Ninnu Kori,https://c.saavncdn.com/070/Ninnu-Kori-Telugu-2017-20220323073319-500x500.jpg,https://aac.saavncdn.com/070/849c3797043fcf796106fef5b76b99a9_sar_320.mp4,278,2017,
FRKfngKU,Ninnu Chudagaane,Devi Sri Prasad,Attarrintiki Daaredi,https://c.saavncdn.com/464/Attarrintiki-Daaredi-Telugu-2013-500x500.jpg,https://aac.saavncdn.com/464/400100313587c14e563dd5172ae7651c_320.mp4,331,2013,
k6Gmyb_h,Gutta GuttaTirigetoda,Relare Rela ShyamalaRavi Kalyan,Gutta GuttaTirigetoda,https://c.saavncdn.com/114/Gutta-GuttaTirigetoda-Telugu-2020-20201211144611-500x500.jpg,https://cdn.pixabay.com/download/audio/2022/02/07/audio_13f9618d7f.mp3?filename=whip-110235.mp3,236,2020,
RNbtbz4L,Vachinde,Madhu PriyaRamki,Fidaa,https://c.saavncdn.com/904/Fidaa-Telugu-2017-500x500.jpg,https://aac.saavncdn.com/904/991725e264a6af3ac3d10a0c8bd3164c_320.mp4,322,2017,
x9AKXqtq,Kanulu Navainaa,Jubin NautiyalMohana Bhogaraju,ISM,https://c.saavncdn.com/284/ISM-Telugu-2016-500x500.jpg,https://aac.saavncdn.com/284/e8568d581ebf3a2b644bd067500706dd_320.mp4,268,2016,
7jRTPweE,Emoko,Annamayya KeerthanaS.P. Balasubrahmanyam,Annamayya,https://c.saavncdn.com/243/Annamayya-Telugu-1997-20221207194819-500x500.jpg,https://aac.saavncdn.com/243/bdf3ea3d5b918b967521e95950741eb8_320.mp4,258,1997,
O2ECrT4Z,Kathi Lanti Pilla,Thaman SShefali Alvares,Naayak,https://c.saavncdn.com/680/Naayak-2012-500x500.jpg,https://aac.saavncdn.com/680/0c4646f532abec70c24a955a5787b18d_320.mp4,231,2012,
XcW5yRal,Mr. Perfect (DSP Mix),Devi Sri Prasad,Aarya - 2,https://c.saavncdn.com/298/Aarya-2-Telugu-2009-20190822135933-500x500.jpg,https://aac.saavncdn.com/298/e04f3807306f13845b8d1141253440c6_320.mp4,256,2009,
bgcgUIL5,Gunde Jaari Gallanthayinde,Chorus,Gunde Jaari Gallanthayinde,https://c.saavncdn.com/578/Gunde-Jaari-Gallanthayinde-Telugu-2019-20191121164108-500x500.jpg,https://aac.saavncdn.com/578/0c6a6348719cb5bd1b8a1ddcadd962a0_320.mp4,244,2019,
jPGwAB9y,Nanu Brovamani,M. M. KeeravaniS.P. BalasubrahmanyamSunitha,Sri Ramadasu,https://c.saavncdn.com/836/Sri-Ramadasu-2006-500x500.jpg,https://aac.saavncdn.com/836/1c0268215a0952eb60da2fbb250987ae_320.mp4,175,2006,
lWSLYxjk,Chengaluva,Anirudh RavichanderAbby VShruthika Samudhrala,Bharateeyudu 2 (Original Motion Picture Soundtrack),https://c.saavncdn.com/607/Bharateeyudu-2-Original-Motion-Picture-Soundtrack-Telugu-2024-20240611110157-500x500.jpg,https://aac.saavncdn.com/607/62a61a0269dcf79a749566522061a6fb_320.mp4,308,2024,
mrO9g01s,Haromhara,Chaitu Satsangi,Ooru Peru Bhairavakona,https://c.saavncdn.com/000/Ooru-Peru-Bhairavakona-Telugu-2023-20240215171825-500x500.jpg,https://aac.saavncdn.com/000/2ea0418e3ad56db55e933217caa4f0f0_320.mp4,147,2023,
wlPwAwJp,Satyabhama,Udit NarayanS.A. RajkumarSujatha Mohan,Simharasi,https://c.saavncdn.com/892/Simharasi-2001-500x500.jpg,https://aac.saavncdn.com/892/899f69843bf3a557fcc9960f5a8943d9_320.mp4,270,2001,
21Qw2Qhh,Satte Era Satte,Ranjith,Desamuduru,https://c.saavncdn.com/756/Desamuduru-Telugu-2006-20180406-500x500.jpg,https://aac.saavncdn.com/756/6ecd83c326ad6c5109f9afc0f2800d28_320.mp4,255,2006,
t9kzfWvM,Cheliya Cheliya,Ravi Varma,Idiot,https://c.saavncdn.com/100/Idiot-Telugu-2002-20200616185725-500x500.jpg,https://aac.saavncdn.com/100/25038f654501725c10ff3b94d43ebea9_320.mp4,318,2002,
lf-k_LMa,People of Kotha,Jakes BejoyTravis King,King of Kotha (Telugu) (Original Motion Picture Soundtrack),https://c.saavncdn.com/374/King-of-Kotha-Telugu-Original-Motion-Picture-Soundtrack-Telugu-2023-20230823183657-500x500.jpg,https://aac.saavncdn.com/374/1f66c6c168d78d03d2a037ea10afb2b1_320.mp4,91,2023,
MwTMTIZc,Who Are You,Devi Sri Prasad,1 Nenokkadine,https://c.saavncdn.com/075/1-Nenokkadine-Telugu-2014-20230327123727-500x500.jpg,https://aac.saavncdn.com/075/f0da6db1d038620cb51070d9d376a5b8_320.mp4,291,2014,
jYhoRWbC,Massu Maranam (From &quot;Petta (Telugu)&quot;),Anirudh RavichanderMano,Petta (Telugu) (Original Motion Picture Soundtrack),https://c.saavncdn.com/699/Petta-Telugu--Telugu-2018-20181220071359-500x500.jpg,https://aac.saavncdn.com/699/e80638202684ecce1ac1c2b2168ab442_320.mp4,216,2018,
7DCdmeU-,Kottaga,S. P. BalasubrahmanyamS. Janaki,Swarna Kamalam,https://c.saavncdn.com/673/Swarna-Kamalam-2000-500x500.jpg,https://aac.saavncdn.com/673/a6fbb4b8be8894aec4efa63862113f4b_320.mp4,268,1988,
l4Sttpvj,Annayyaa,Ramana GogulaManoGanga,Annavaram,https://c.saavncdn.com/842/Annavaram-2006-500x500.jpg,https://aac.saavncdn.com/842/4401b8c2ceea4e30d9f97d043fd06321_320.mp4,288,2006,
tn2istV4,Nenu Nenuga,S.P.B. Charan,Manmadhudu,https://c.saavncdn.com/386/Manmadhudu-Telugu-2002-20190206140019-500x500.jpg,https://aac.saavncdn.com/386/62502d2c3e0be2c69b5e21848da2c534_320.mp4,235,2002,
2cKpptkW,Nijamena,Thaman SKarthikSuchitra,Brindavanam,https://c.saavncdn.com/947/Brindaavanam-2010-500x500.jpg,https://aac.saavncdn.com/947/5e6a6f9ddf7608389a4675d9c2988587_320.mp4,276,2010,
f9EzVrKJ,Kariga Loga (D-Plugged),Devi Sri PrasadSagar,Aarya - 2,https://c.saavncdn.com/298/Aarya-2-Telugu-2009-20190822135933-500x500.jpg,https://aac.saavncdn.com/298/f20a2b588026afe39c97f981c7e62ea2_320.mp4,175,2009,
44iQgQn1,Maya,Arijit SinghRamya Behara,Naa Peru Surya Naa Illu India,https://c.saavncdn.com/416/Naa-Peru-Surya-Naa-Illu-India-Telugu-2018-20180422-500x500.jpg,https://aac.saavncdn.com/416/fe1ab0972a4c64879d021c4301930525_320.mp4,234,2018,
496PxYK0,Ney Ready,Anirudh RavichanderRevanthRoll RidaRitesh G Rao,Leo (Telugu) (Original Motion Picture Soundtrack),https://c.saavncdn.com/046/Leo-Telugu-Original-Motion-Picture-Soundtrack-English-2023-20231020123601-500x500.jpg,https://aac.saavncdn.com/046/680bd64e7b5420fed2fafc971ef38b03_320.mp4,248,2023,
eiyQ68Rb,A Life Full Of Love (Theme Music),Anirudh Ravichander,3 (Telugu),https://c.saavncdn.com/244/3-Telugu-2012-500x500.jpg,https://aac.saavncdn.com/244/6d093a8e6518541ca7bcdfe55d2772a0_320.mp4,117,2012,
HS5nfrT8,Oh Kaliki Rama Chilaka,Udit NarayanK. S. Chithra,Sultan,https://c.saavncdn.com/301/Sultaan-Telugu-2000-500x500.jpg,https://aac.saavncdn.com/301/cfa4a66ac0e3169129c297dfc18a3f78_320.mp4,265,2000,
CQrLLTwO,Bloody Sweet,Anirudh RavichanderSiddharth Basrur,Leo (Telugu) (Original Motion Picture Soundtrack),https://c.saavncdn.com/046/Leo-Telugu-Original-Motion-Picture-Soundtrack-English-2023-20231020123601-500x500.jpg,https://aac.saavncdn.com/046/bcd83695d5f560112e43d9d4777b61ba_320.mp4,168,2023,
Di_77l-C,Chilaka Pacha Koka,ManoRadhika,Narasimha Naidu,https://c.saavncdn.com/495/Narasimha-Naidu-2000-500x500.jpg,https://aac.saavncdn.com/495/fe126f18555efcea800c3dbcdf928463_320.mp4,307,2000,
Og4zsER_,Emito Idhi,Kapil KapilanHaripriya,Rang De,https://c.saavncdn.com/null/Rang-De-Telugu-2020-20210322181921-500x500.jpg,https://aac.saavncdn.com/null/77543dee316f17bd5fcd53d840d7fcf6_320.mp4,280,2020,
ViDSabnD,Nuvvu Naku Manasisthe,Devi Sri PrasadMallikarjunSumangali,Bhadra,https://c.saavncdn.com/831/Bhadra-2005-500x500.jpg,https://aac.saavncdn.com/831/6d55faea6069e74672432fde18f752c9_320.mp4,300,2005,
IJnqL2hE,Porata Simham,Anirudh RavichanderRavi G,Vikram Hitlist,https://c.saavncdn.com/666/Vikram-Hitlist-Telugu-2022-20220607175939-500x500.jpg,https://aac.saavncdn.com/666/7bd558991e75133f9ec3e72d59444831_320.mp4,198,2022,
j5hI8ous,Manakannapodichey,Mani SharmaRahul Nambiar,Parugu,https://c.saavncdn.com/489/Parugu-2008-500x500.jpg,https://aac.saavncdn.com/489/e2bea5721003992c339ded6134d36353_320.mp4,281,2008,
AKlqM6AM,Bombhaat,Rahul SipligunjRamya Behara,LIE,https://c.saavncdn.com/484/LIE-Telugu-2017-20170805135427-500x500.jpg,https://aac.saavncdn.com/484/af039cf333b0092aab8e5ad8151e9765_320.mp4,243,2017,
gPi0R68p,Nuvvele Nuvvele,Shweta Mohan,Jaya Janaki Nayaka,https://c.saavncdn.com/056/Jaya-Janaki-Nayaka-Telugu-2017-500x500.jpg,https://aac.saavncdn.com/056/c841cba36c9925132019a47c4687fc8a_320.mp4,268,2017,
ezMUSw6e,Roar Of Kesari,Thaman SChorus,Bhagavanth Kesari,https://c.saavncdn.com/045/Bhagavanth-Kesari-Telugu-2023-20231103125306-500x500.jpg,https://aac.saavncdn.com/045/95361fdacd00fc828ad841775b5cb37d_320.mp4,200,2023,
e1PxinO-,Sittharala Sirapadu,SoorannaSaketh Komanduri,Ala Vaikunthapurramuloo,https://c.saavncdn.com/517/Ala-Vaikunthapurramuloo-Telugu-2019-20200116144338-500x500.jpg,https://aac.saavncdn.com/517/52e38ccb523a02ce05b95bd831f3c53e_320.mp4,186,2019,
uz7PNL0h,Don't Worry Ra Chiccha,Devi Sri Prasad,Rathnam,https://c.saavncdn.com/000/Rathnam-Telugu-2024-20240429175946-500x500.jpg,https://aac.saavncdn.com/000/ca6027720af462e53888390e06f18f00_320.mp4,214,2024,
AqkPQlAM,O Sukumari,Harris JayarajShankar MahadevanHarini,Aparichithudu,https://c.saavncdn.com/951/Aparichithudu-2005-500x500.jpg,https://aac.saavncdn.com/951/97895be44e694f999c300e0bc9af770b_320.mp4,356,2005,
amEQvhX0,Harom Harom Hara (From &quot;Harom Hara&quot;),Kalyanchakravarthy TripuraneniChaitan BharadwajAnurag Kulkarni,Harom Harom Hara (From &quot;Harom Hara&quot;),https://c.saavncdn.com/513/Harom-Harom-Hara-From-Harom-Hara-Telugu-2024-20240314123321-500x500.jpg,https://aac.saavncdn.com/513/c9f973cb2c056eab95a457e27e3f6c7e_320.mp4,190,2024,
wT_BwiPd,Hare Rama,Mani SharmaShankar Mahadevan,Okkadu,https://c.saavncdn.com/408/Okkadu-2000-500x500.jpg,https://aac.saavncdn.com/408/7c1edc462e7e6f82d3cc2053ae610e72_320.mp4,359,2000,
9RmZeRSO,Reddy Ikkada Soodu,Daler MehndiAnjana Soumya,Aravindha Sametha,https://c.saavncdn.com/260/Aravindha-Sametha-Telugu-2018-20181031-500x500.jpg,https://aac.saavncdn.com/260/8600d4d610ce6d7a771a75ec07c6d628_320.mp4,244,2018,
1GFo_t67,Ye Manishike Majiliyo,Arun GopanChinmayi SripaadaBaby Anusha,Majili,https://c.saavncdn.com/405/Majili-Telugu-2019-20190323231520-500x500.jpg,https://aac.saavncdn.com/405/d5646aff02887cb7e3ab07a44d19a2ea_320.mp4,245,2019,
7LtTA1Ta,Abba Abba,Mani SharmaShankar MahadevanSujatha Mohan,Narasimha Naidu,https://c.saavncdn.com/495/Narasimha-Naidu-2000-500x500.jpg,https://aac.saavncdn.com/495/9bda3be0863d5050cb0dcae6eb8b242c_320.mp4,262,2000,
0c2JflVm,Kannethi (Bit),Mani SharmaMallikarjun,Chirutha,https://c.saavncdn.com/959/Chirutha-2007-500x500.jpg,https://aac.saavncdn.com/959/d6d1c60d5bc57eacd750d359e2a006f9_320.mp4,108,2007,
j_FeO6tO,Manasuley Kalisey,ChakriKousalya,Desamuduru,https://c.saavncdn.com/756/Desamuduru-Telugu-2006-20180406-500x500.jpg,https://aac.saavncdn.com/756/52ed8c38a94459436a8582d2c5741094_320.mp4,288,2006,
cqrOQ1Un,Rama Chakkanodamma,Mani SharmaSukhwinder Singh,Rajakumarudu,https://c.saavncdn.com/429/Rajakumarudu-2000-500x500.jpg,https://aac.saavncdn.com/429/b1db4dd807b622b89001c97af9546fbb_320.mp4,339,2000,
sioW5CnJ,Venello Hai,Chakri,Avunu Validdharu Istapaddaru,https://c.saavncdn.com/520/Avunu-Validdharu-Istapaddaru-2000-500x500.jpg,https://aac.saavncdn.com/520/d938f9432307ee1dc480a927647f7544_320.mp4,270,2000,
d2Etp7FM,Nenani Neevani,Shweta Pandit,Kotha Bangaru Lokam,https://c.saavncdn.com/112/Kothabangarulokam-2008-500x500.jpg,https://aac.saavncdn.com/112/33bdc3e8a0eba402957b435fb9d3399d_320.mp4,311,2008,
NxiDFuIT,Premante Yemitante,Mani SharmaHariharanSujatha Mohan,Seenu,https://c.saavncdn.com/406/Seenu-2000-500x500.jpg,https://aac.saavncdn.com/406/da7af3d0416fd13f682029766f0b1893_320.mp4,305,2000,
v89aHMPu,Nidhare Kala,Harris JayarajSudha Ragunathan,Surya S/o Krishnan,https://c.saavncdn.com/182/Surya-S-o-Krishnan-Telugu-2008-20190822124405-500x500.jpg,https://aac.saavncdn.com/182/b2e376c5ecea6af1fa2ec4682790680b_320.mp4,322,2008,
70TV_EGH,Junction Lo,Bheems,Aagadu,https://c.saavncdn.com/078/Aagadu-Telugu-2014-20190320091905-500x500.jpg,https://cdn.pixabay.com/download/audio/2022/02/07/audio_13f9618d7f.mp3?filename=whip-110235.mp3,322,2014,
mYfk9xMB,Rajashekara,Vidyasagar,Telugu Romantic Film Hits,https://c.saavncdn.com/873/Telugu-Romantic-Film-Hits-Telugu-2015-500x500.jpg,https://cdn.pixabay.com/download/audio/2022/03/23/audio_07b2a04be3.mp3?filename=order-99518.mp3,286,2015,
yO2rfvGk,Hara Om Namashivaya 1,Suresh,Paramesha Jaya Jagadeesha,https://c.saavncdn.com/784/Paramesha-Jaya-Jagadeesha-2008-500x500.jpg,https://cdn.pixabay.com/download/audio/2022/04/27/audio_6ebb6aaa24.mp3?filename=lofi-study-112191.mp3,592,2008,
i8wNeI99,Jaya Janardhana,Moola. Srilatha,Jaya Janardhana,https://c.saavncdn.com/318/Jaya-Janardhana-Telugu-2018-20190802152926-500x500.jpg,https://aac.saavncdn.com/318/e2f70c9b9403f8c44004a1ccc3943430_320.mp4,336,2018,
pgqVO0e-,Selavanuko,Anup RubensChaitra,Heart Attack,https://c.saavncdn.com/457/Heart-Attack-2014-500x500.jpg,https://cdn.pixabay.com/download/audio/2022/02/07/audio_13f9618d7f.mp3?filename=whip-110235.mp3,226,2014,
KNp0ksfy,Lachhamma Club Mix,Anoop RubensMuraliNithinThagubothu Ramesh,Ishq,https://c.saavncdn.com/057/Ishq-Telugu-2012-500x500.jpg,https://aac.saavncdn.com/057/aa686f117bc0813f6c9a68222b91e0f4_320.mp4,188,2012,
A0C47J0w,Aaku Chaatu Pindhe,S. P. BalasubrahmanyamP. Susheela,Vetagadu,https://c.saavncdn.com/912/Vetagadu-Telugu-1979-20200905113927-500x500.jpg,https://aac.saavncdn.com/912/f7532906ee72fdbf7681e9b1c55e2fdd_sar_320.mp4,202,1979,
fqkmDc1E,Laila O Lailaa,Thaman SShankar MahadevanRanjithRahul NambiarNaveen Madhav,Naayak,https://c.saavncdn.com/680/Naayak-2012-500x500.jpg,https://aac.saavncdn.com/680/9aff747aab221c44ada9af706320258f_320.mp4,273,2012,
2zDjA19l,Padhe Padhe,Shakthisree GopalanBrodha VAnirudh Ravichander,Jersey,https://c.saavncdn.com/623/Jersey-Telugu-2019-20190427102305-500x500.jpg,https://aac.saavncdn.com/623/986e25939435567373566cb7428e5031_320.mp4,206,2019,
46An-G70,Happy,Karthik,Happy,https://c.saavncdn.com/null/Happy-Telugu-2005-20210130193253-500x500.jpg,https://aac.saavncdn.com/null/fd3f4d02e16ee77ca664c12f877e0ae5_320.mp4,219,2005,
DtJ7FyiW,Laire Lallaire,Mangli,Laire Lallaire,https://c.saavncdn.com/166/Laire-Lallaire-Telugu-2021-20211118071643-500x500.jpg,https://aac.saavncdn.com/166/50beec43cbaedf5c3debe31d86850b08_320.mp4,227,2021,
92UkiakB,Oke Oka Mata,Chakri,Chakram,https://c.saavncdn.com/218/Chakram-2005-500x500.jpg,https://aac.saavncdn.com/218/6b08a979deede5c7236622c9edf516aa_320.mp4,330,2005,
Jb3PaoDm,Not Ramaiya Vastavaiya,Anirudh RavichanderSreerama ChandraRakshita Suresh,Jawan  (TELUGU),https://c.saavncdn.com/413/Jawan-TELUGU-Telugu-2023-20230921213823-500x500.jpg,https://aac.saavncdn.com/413/be003cf341f5697d6f18d6e89075e81e_320.mp4,202,2023,
oY-H8tL9,Manasa Manninchavamma,Yuvan Shankar RajaKarthik,Aadavari Matalaku Ardhalu Veruley,https://c.saavncdn.com/483/Aadavari-Matalaku-Ardhalu-Veruley-2007-500x500.jpg,https://aac.saavncdn.com/483/dbef7799453bc9086f516afe28a9d0fd_320.mp4,273,2007,
rUKkQqkc,Kaani Ippudu,Devi Sri Prasad,Bommarillu,https://c.saavncdn.com/843/Bommarillu-2000-500x500.jpg,https://aac.saavncdn.com/843/e8c228808491bb32bea5f01e7fe46728_320.mp4,317,2000,
E8mS7HfL,Bangaram (Remix),Vidhya SagarPraveen ManiH. Sridhar,Bangaram,https://c.saavncdn.com/385/Bangaram-2006-500x500.jpg,https://aac.saavncdn.com/385/fdb8e17b0a07ac4b6336f6aa58291f96_320.mp4,145,2006,
jexMsOp4,Rangu Seethaammo,singer lavanya,Rangu Seethaammo,https://c.saavncdn.com/750/Rangu-Seethaammo-Telugu-2022-20220307150715-500x500.jpg,https://aac.saavncdn.com/750/3489156ed2b6370083e0bcf033ec490a_320.mp4,254,2022,
FJkYZT_c,Infatuation,Devi Sri PrasadAdnan Sami,100% Love,https://c.saavncdn.com/140/100-Love-2011-500x500.jpg,https://aac.saavncdn.com/140/e574e59a7fc5c7fe758d3fd817b0acdc_320.mp4,309,2011,
z0lANQ1-,Kalakatta Pan Esina,Mani SharmaShankar MahadevanK. S. Chithra,Raghavendra,https://c.saavncdn.com/243/Raghavendra-2000-500x500.jpg,https://aac.saavncdn.com/243/5251265fe748594601b93ea158879956_320.mp4,292,2000,
UNwFCL3J,Undipova,Spoorthi Jithender,Savaari,https://c.saavncdn.com/516/Savaari-Telugu-2019-20200203152336-500x500.jpg,https://aac.saavncdn.com/516/a5a0c96a0a530a5e5f6cb9e08792cac5_320.mp4,231,2019,
2RFNmopv,Adirey Adirey,Jassie GiftKalpana,Nuvvostanante Nenoddantana,https://c.saavncdn.com/347/Nuvvostanante-Nenoddantana-Telugu-2014-20181121-500x500.jpg,https://aac.saavncdn.com/347/b4d77ad1fb2160765ffebcb8764648fb_320.mp4,257,2014,
ozU-0sSo,Andaala Raakshsive,A.R. RahmanHariniS.P. Balasubrahmanyam,Oke Okkadu,https://c.saavncdn.com/406/Oke-Okkadu-1999-500x500.jpg,https://aac.saavncdn.com/406/1d54598fed35fe88cd8cabcbf5e23c70_320.mp4,375,1999,
MH8agxXS,Ade Neevu,IlaiyaraajaS.P. Balasubrahmanyam,Abhinandana,https://c.saavncdn.com/365/Abhinandana-2000-500x500.jpg,https://aac.saavncdn.com/365/49e3298a83d6ffbe9182dfbb07d5a07e_320.mp4,271,2000,
Kv8e6pLy,Pilla O Pilla,AchuKarthik,Current Theega,https://c.saavncdn.com/328/Current-Theega-Telugu-2014-500x500.jpg,https://aac.saavncdn.com/328/12350090c5bc99892bb5d4588b6365c7_320.mp4,239,2014,
bmbmkh5r,Pilla Puli,G.V. Prakash KumarAnurag Kulkarni,Aakaasam Nee Haddhu Ra (Original Motion Picture Soundtrack),https://c.saavncdn.com/114/Aakaasam-Nee-Haddhu-Ra-Telugu-2020-20201111104315-500x500.jpg,https://aac.saavncdn.com/114/d54638a869f0546993bacb52bac38ed3_320.mp4,304,2020,
dwY8cDhK,Udayinchina,Devi Sri Prasad,Kalusukovalani,https://c.saavncdn.com/616/Kalusukovalani-2002-500x500.jpg,https://aac.saavncdn.com/616/93ebd57fe6c5f31e72295020b00ae177_320.mp4,323,2002,
ckdq-dii,Nandanandanaa,Sid Sriram,The Family Star,https://c.saavncdn.com/643/The-Family-Star-Telugu-2024-20240404141043-500x500.jpg,https://aac.saavncdn.com/643/4345b76aee176476b563df00fd9cf6ac_320.mp4,299,2024,
38IyzuBy,Patta Pakkinti,S.P. BalasubrahmanyamKavita KrishnamurthyAnuradha Sriram,Daddy,https://c.saavncdn.com/400/Daddy-2001-500x500.jpg,https://aac.saavncdn.com/400/17f8a08b28d5afd4f410ba1d4d1d2539_320.mp4,308,2001,
o9eXUGkp,Bandamekkado,Devi Sri PrasadHaricharanShweta Mohan,100% Love,https://c.saavncdn.com/140/100-Love-2011-500x500.jpg,https://aac.saavncdn.com/140/964a78e0a9f03a1151be08a73db03848_320.mp4,130,2011,
akDIinm3,Aade Pade,S.A. Raj KumarK. S. ChithraKarthik,Sankranthi,https://c.saavncdn.com/822/Sankranthi-2005-500x500.jpg,https://aac.saavncdn.com/822/26b8d4bfa7ad4ec7cac01e3e6cf67e82_320.mp4,289,2005,
yT8FPGZU,Dhandiya,Unni MenonSreekumarKavita Krishnamurthy,Premikula Roju,https://c.saavncdn.com/474/Premikula-Roju-Telugu-1999-20191016112959-500x500.jpg,https://aac.saavncdn.com/474/2a4416e3c0d10a1acc28cbd1d0db517b_sar_320.mp4,467,1999,
j7vEpvut,Chema Chekka,IlaiyaraajaK. S. ChithraS.P. Balasubrahmanyam,Bobbili Raja,https://c.saavncdn.com/655/Bobbili-Raja-2000-500x500.jpg,https://aac.saavncdn.com/655/9084e71b2e8485cd00965df5c871afeb_320.mp4,305,1990,
Px8DeU2H,Mudduletti,Sonu NigamSonu Kakkar,Super,https://c.saavncdn.com/460/Super-2000-500x500.jpg,https://aac.saavncdn.com/460/ff78058297d87dee69407d35fd197181_320.mp4,259,2000,
vU8MS3fv,La La Bheemla,Arun KaundinyaPawan KalyanNithya Menen,Bheemla Nayak,https://c.saavncdn.com/000/Bheemla-Nayak-Telugu-2021-20220309213923-500x500.jpg,https://aac.saavncdn.com/000/9649fafe4a670cd7cda5cd5292986f9d_320.mp4,147,2021,
drh6N381,Nunugu Misalodu,M.M. KeeravaaniSunitha Upadrasta,Yamadonga,https://c.saavncdn.com/687/Yamadonga-Telugu-2007-500x500.jpg,https://cdn.pixabay.com/download/audio/2022/03/15/audio_c8c8a73467.mp3?filename=fun-life-112188.mp3,303,2007,
pBZYpbWB,Maina Maina,Shaan,Prema Khaidi,https://c.saavncdn.com/300/Prema-Khaidi-Telugu-2019-20220827080956-500x500.jpg,https://aac.saavncdn.com/300/255afd1dd07b75a9850eb00c49832383_320.mp4,268,2019,
Ee7F-nM4,Em Chessavo,Mani SharmaS.P. CharanShreya Ghoshal,Yagnam,https://c.saavncdn.com/397/Yagnam-2000-500x500.jpg,https://aac.saavncdn.com/397/c220efc0997e6b9fb323a90a4b5962ef_320.mp4,338,2004,
9hstZEQz,Rela Rela,Mangli Satyavathi,Vimanam (Telugu),https://c.saavncdn.com/000/Vimanam-Telugu-Telugu-2023-20230630184849-500x500.jpg,https://aac.saavncdn.com/000/eb8c8e8cee05d436ebe82f563e2a35ff_320.mp4,269,2023,
SOlFhSI0,Vuliki Padaku,S.P. BalasubrahmanyamK. S. Chithra,Major Chandrakanth,https://c.saavncdn.com/640/Major-Chandrakanth-Telugu-1993-500x500.jpg,https://cdn.pixabay.com/download/audio/2022/03/23/audio_07b2a04be3.mp3?filename=order-99518.mp3,257,1993,
SYgRELZi,Toli Pilupey,Mani SharmaK. S. ChithraS.P. Balasubrahmanyam,Aadi,https://c.saavncdn.com/491/Aadi-2000-500x500.jpg,https://aac.saavncdn.com/491/56ba1b6aabdad3742a2d4060a994e621_320.mp4,256,2000,
i43BpcK7,Bala Tripuramani,Rahul NambiarMickey J. Meyer,Brahmotsavam,https://c.saavncdn.com/925/Brahmotsavam-Telugu-2016-500x500.jpg,https://aac.saavncdn.com/925/b846d07d605cca45e88b2aa5c79e5f42_320.mp4,252,2016,
K4Nkmr0K,Nanna Nuv Naa Pranam (From &quot;ANIMAL&quot;) - TELUGU,Sonu NigamHarshavardhan RameshwarAnantha Sriram,Nanna Nuv Naa Pranam (From &quot;ANIMAL&quot;) -TELUGU,https://c.saavncdn.com/466/Nanna-Nuv-Naa-Pranam-From-ANIMAL-TELUGU-Telugu-2023-20231114011010-500x500.jpg,https://aac.saavncdn.com/466/7a6b737b7c7f82fc6d52fd9c38c6691c_320.mp4,321,2023,
QZKFFxYL,Jai Bolo Krishna,Bheems CeciroleoSwaraag Keerthan,Devaki Nandana Vasudeva,https://c.saavncdn.com/000/Devaki-Nandana-Vasudeva-Telugu-2024-20240531155034-500x500.jpg,https://aac.saavncdn.com/000/ce83ee5ed77531567e750d4030cb2c41_320.mp4,201,2024,
FxK5zw7_,Holi Holi,Mani SharmaManoSwarnalatha,Kushi,https://c.saavncdn.com/470/Kushi-2001-500x500.jpg,https://aac.saavncdn.com/470/3cffca99b4bb93a35cbcca89718f8a75_320.mp4,312,2001,
iP-N3SFH,Undiporaadhey - Sad Version,Sid Sriram,Hushaaru,https://c.saavncdn.com/307/Hushaaru-Telugu-2018-20190107131110-500x500.jpg,https://aac.saavncdn.com/307/014759ae7cf77b3cebe6b6632d7316fc_320.mp4,153,2018,
brHgxfRy,Gopikamma,K. S. ChithraRamya Behara,Mukunda,https://c.saavncdn.com/877/Mukunda-Telugu-2014-500x500.jpg,https://aac.saavncdn.com/877/50b6ccb9227915fbcfde3be60c5613d3_320.mp4,262,2014,
3XwFKCc3,Ooruko Hrudayama,R.P. PatnaikKK,Nee Sneham,https://c.saavncdn.com/821/Nee-Sneham-2002-500x500.jpg,https://aac.saavncdn.com/821/5ceab0f20cd83dbe49762028d65cc46a_320.mp4,213,2002,
sdR2_FU-,Priya,nan,Jeans,https://c.saavncdn.com/280/Jeans-1999-500x500.jpg,https://aac.saavncdn.com/280/e71bb4f0f12fc47f95ccb3e26502c90e_320.mp4,333,1999,
fJn4P1Si,E Therugananu,M. M. KeeravaniVijay Yesudas,Sri Ramadasu,https://c.saavncdn.com/836/Sri-Ramadasu-2006-500x500.jpg,https://aac.saavncdn.com/836/a8dc7baac37ffba2000c2f7ecdaa2b57_320.mp4,127,2006,
_5exET45,Tilana Tilana,ManoSujatha Mohan,Muthu,https://c.saavncdn.com/203/Muthu-Telugu-1995-20180516-500x500.jpg,https://aac.saavncdn.com/203/d68c07a5c8e06f49ccb1e84694629655_320.mp4,383,1995,
kKFM7A3P,Sound of Salaar (From &quot;Salaar Cease Fire&quot;),Ravi BasrurYair Albeg WeinSongs To Your Eyes,Salaar Cease Fire - Hindi,https://c.saavncdn.com/679/Salaar-Cease-Fire-Hindi-Hindi-2024-20240104154612-500x500.jpg,https://aac.saavncdn.com/679/fc7927a65f5b9ba02e968bf77705c6b9_320.mp4,175,2024,
4p1whzyB,Tara,Karthik,Shyam Singha Roy - Telugu,https://c.saavncdn.com/008/Shyam-Singha-Roy-Telugu-Telugu-2021-20220113123204-500x500.jpg,https://aac.saavncdn.com/008/3644905d002cbda5d1e8eb52e7e1181e_sar_320.mp4,171,2021,
6lF5N1n9,Manmadhude,M. M. KeeravaniGangaSandeep,Naa Autograph,https://c.saavncdn.com/890/Naa-Autograph-2004-500x500.jpg,https://aac.saavncdn.com/890/ba22bf1d5a709592d5b3a951df99e3e2_320.mp4,274,2004,
v0Nm1Kwj,Kallo Kalyana Maala,KotiK. S. ChithraS.P. Balasubrahmanyam,Pedda Annayya,https://c.saavncdn.com/721/Pedda-Annayya-2000-500x500.jpg,https://aac.saavncdn.com/721/7ae6247660d24634c2e951615dc6930e_320.mp4,273,2000,
k8tjiUgf,Vana Vana,Udit NarayanK. S. Chithra,Daddy,https://c.saavncdn.com/400/Daddy-2001-500x500.jpg,https://aac.saavncdn.com/400/3c506d7a14d6d38dfabb2d146e8151d9_320.mp4,314,2001,
yviS9otZ,Marhaba,Gopi SunderK. S. ChithraAaishwarya,Malli Malli Idi Rani Roju,https://c.saavncdn.com/970/Malli-Malli-Idi-Rani-Roju-Telugu-2014-500x500.jpg,https://aac.saavncdn.com/970/3702762a5c3930500f6787bf04cac469_320.mp4,280,2014,
OAv65noM,Rangule,Shweta Mohan,Rang De,https://c.saavncdn.com/null/Rang-De-Telugu-2020-20210322181921-500x500.jpg,https://aac.saavncdn.com/null/7d9772ac89014de818ea8f96f5cdd9cd_320.mp4,257,2020,
y4_s35km,Chinni Chinni Aasalu,Anup RubensShreya GhoshalAshwinHari Arjun,Manam,https://c.saavncdn.com/849/Manam-Telugu-2014-500x500.jpg,https://aac.saavncdn.com/849/9d925aa5d31cf0ea4cc76bdecc3ec9e8_320.mp4,320,2014,
NURlfT6j,Anaganaga Kadala,KarthikSumangali,Venky,https://c.saavncdn.com/955/Venky-Telugu-2004-20220222192318-500x500.jpg,https://aac.saavncdn.com/955/b2f2e0e5bf10aca92487f5e6fce22855_320.mp4,305,2004,
egriwVnK,Na Neethi Suryuda,Hosanna,Na Neethi Suryuda,https://c.saavncdn.com/504/Na-Neethi-Suryuda-English-2019-20200330150145-500x500.jpg,https://aac.saavncdn.com/504/3b89bc8961fe961f2c70428852c28d45_320.mp4,709,2019,
X2v8-EAx,Ayyappa Devaya,Vandemataram SrinivasK. S. ChithraSwarnalatha,Devullu,https://c.saavncdn.com/186/Devullu-2000-500x500.jpg,https://aac.saavncdn.com/186/3a32eef911a4a5b317a8ed0d09fd829f_320.mp4,324,2000,
xPLX9tXP,Assalaam Valekum (Adurs),Devi Sri PrasadBaba SehgalPriya Hemesh,Adhurs,https://c.saavncdn.com/492/Adhurs-2009-500x500.jpg,https://aac.saavncdn.com/492/aeb8bdd9abb673a9cec27098a9d67591_320.mp4,308,2009,
OGZf0Ely,Full Kick,SagarMamta Sharma,Khiladi,https://c.saavncdn.com/blob/173/Khiladi-Telugu-2021-20220211182925-500x500.jpg,https://aac.saavncdn.com/000/6fd10aecd7c3020264e36103ab5e2492_320.mp4,233,2021,
LQZshhfJ,Botany,S. P. BalasubrahmanyamS.P. Sailaja,Shiva,https://c.saavncdn.com/654/Shiva-Telugu-1989-20171129-500x500.jpg,https://aac.saavncdn.com/654/8344a8aab50025b7f5f68850e7c94b63_320.mp4,266,1989,
JSmuGjxw,O Ranga Sri Ranga,KotiS.P. BalasubrahmanyamSujatha Mohan,Pavitra Prema,https://c.saavncdn.com/676/Pavitra-Prema-Telugu-2000-20231116192228-500x500.jpg,https://aac.saavncdn.com/676/fe4a576116251abe74844c6907560695_320.mp4,293,2000,
UnmG_7xG,Super Machi,Devi Sri PrasadSravana BhargaviMagizhini Manimaaran,S/O Satyamurthy,https://c.saavncdn.com/571/S-O-Satyamurthy-Telugu-2015-500x500.jpg,https://aac.saavncdn.com/571/ea570a0e7e257251f701eb005ace81b8_320.mp4,280,2015,
9iMMQMis,Pimple Dimple,Devi Sri PrasadSagarRanina Reddy,Yevadu,https://c.saavncdn.com/565/Yevadu-2013-500x500.jpg,https://aac.saavncdn.com/565/5fea5609a4ef1063cd48848e5a670352_320.mp4,252,2013,
NWt199U9,Nuvantene Istam,Chakri,Devadasu,https://c.saavncdn.com/043/Devadasu-2000-500x500.jpg,https://aac.saavncdn.com/043/86fd400422d8e870f64b1048c565deca_320.mp4,354,2000,
CroZncu5,Adbhutam,Jubin NautiyalRanjini Jose,Lover,https://c.saavncdn.com/227/Lover-Telugu-2018-20180623-500x500.jpg,https://aac.saavncdn.com/227/e288420752f60ce8bad6772a1eb6def3_320.mp4,216,2018,
dW9KRdjC,Srirasthu Shubhamasthu,S.P. BalasubrahmanyamK. S. Chithra,Bobbili Simham,https://c.saavncdn.com/657/Bobbili-Simham-Telugu-1995-500x500.jpg,https://cdn.pixabay.com/download/audio/2022/03/23/audio_07b2a04be3.mp3?filename=order-99518.mp3,300,1994,
FLNUNRHP,Evvarineppudu,R.P. PatnaikKK,Manasantha Nuvve,https://c.saavncdn.com/641/Manasantha-Nuvve-2001-500x500.jpg,https://aac.saavncdn.com/641/b1863a9eb31a93cecd34051124ff4e6a_320.mp4,88,2001,
FzOsZ0so,Merupaisagara,KarthikMani Sharma,Style,https://c.saavncdn.com/393/Style-Telugu-2013-500x500.jpg,https://cdn.pixabay.com/download/audio/2022/05/27/audio_1808fbf07a.mp3?filename=music-112905.mp3,276,2013,
2Z8lijuO,Lingashtakam,Ramu,Lingashtakam,https://c.saavncdn.com/066/Lingashtakam-Telugu-2021-20210303194221-500x500.jpg,https://cdn.pixabay.com/download/audio/2022/05/27/audio_1808fbf07a.mp3?filename=music-112905.mp3,199,2021,
emu9S2cw,Surro Surra,Mani SharmaJaved AliSuchitra,Shakti,https://c.saavncdn.com/756/Shakti-2011-500x500.jpg,https://aac.saavncdn.com/756/76cc3ef0990b1e924c2b2fd23e701928_320.mp4,326,2011,
K6Bc1Wwl,Mangalam,M. M. KeeravaniBrundham,Sri Ramadasu,https://c.saavncdn.com/836/Sri-Ramadasu-2006-500x500.jpg,https://aac.saavncdn.com/836/4d6d60f1f7bf0f06dee77b0fe49364db_320.mp4,49,2006,
zb21crKr,Aamani,IlaiyaraajaS.P. Balasubrahmanyam,Geetanjali,https://c.saavncdn.com/556/Geetanjali-1989-500x500.jpg,https://aac.saavncdn.com/556/b1a97dcf3ae416a100646afd06f12be3_320.mp4,276,1989,
mVRHX07V,Yemaindho Teliyadu Naaku,KarthikDeepika V.,MCA,https://c.saavncdn.com/265/MCA-Telugu-2017-20171218-500x500.jpg,https://aac.saavncdn.com/265/cb407313c3322039f50598f210892482_320.mp4,232,2017,
UUzKBtrK,Jai Balayya Mass Anthem,Thaman SKareemullah,Veera Simha Reddy (Original Motion Picture Soundtrack),https://c.saavncdn.com/683/Veera-Simha-Reddy-Original-Motion-Picture-Soundtrack-Telugu-2023-20230109174645-500x500.jpg,https://aac.saavncdn.com/683/8f97dde2ffe6d165b9a3f1cb0444dedc_320.mp4,230,2023,
xcXj4333,Hey Jana,Mani SharmaKK,Jai Chiranjeeva,https://c.saavncdn.com/627/Jai-Chiranjeeva-2005-500x500.jpg,https://aac.saavncdn.com/627/4a543d1f858e7ef1ce5c785daa40d9de_320.mp4,304,2005,
KqrdPMHC,Ram Sita Ram (From &quot;Adipurush&quot;) -Telugu,Sachet-ParamparaKarthikParampara Tandon,Ram Sita Ram (From &quot;Adipurush&quot;) - Telugu,https://c.saavncdn.com/930/Ram-Sita-Ram-From-Adipurush-Telugu-Telugu-2023-20230526223052-500x500.jpg,https://aac.saavncdn.com/930/2ec8ca1d0d0667578426a05ede0e764f_320.mp4,230,2023,
utRZUWyT,Boss Party,Devi Sri PrasadNakash AzizHaripriya,Waltair Veerayya (Original Motion Picture Soundtrack),https://c.saavncdn.com/377/Waltair-Veerayya-Original-Motion-Picture-Soundtrack-Telugu-2023-20230111122627-500x500.jpg,https://aac.saavncdn.com/377/44e0e47ee005c7cf7627e9924d61957f_320.mp4,200,2023,
cwGjL1PG,Saradaga Kasepaina,KarthikPoornima,Paagal,https://c.saavncdn.com/000/Paagal-Telugu-2021-20210816225439-500x500.jpg,https://aac.saavncdn.com/null/11818abfcda678939d01f54d0893dd03_320.mp4,281,2021,
sxJoVn1j,Om Namo Nama Yavvanama,IlaiyaraajaK. S. ChithraS.P. Balasubrahmanyam,Surya IPS,https://c.saavncdn.com/575/Surya-Ips-2000-500x500.jpg,https://aac.saavncdn.com/575/36d70cf52412649f22fffdcafce0dcfd_320.mp4,294,1991,
40aeQqu8,Neelakashamlo,Anoop RubensShreya Ghoshal,Sukumarudu,https://c.saavncdn.com/405/Sukumarudu-2013-500x500.jpg,https://aac.saavncdn.com/405/268e13ee4ed0b91648332d6e54ac7356_320.mp4,266,2013,
Tp9aic6Q,Gayam Chesesave,Ishaq ValiKalyan Nayak,Pilla Pillagadu,https://c.saavncdn.com/049/Pilla-Pillagadu-Telugu-2019-20210217020207-500x500.jpg,https://aac.saavncdn.com/049/27877d07ebd3a2fdc1519455a92f68b3_320.mp4,303,2019,
HouzrQYU,Sahasam,Mani SharmaMallikarjun,Okkadu,https://c.saavncdn.com/408/Okkadu-2000-500x500.jpg,https://aac.saavncdn.com/408/301c50d5d4f96021bd14ed884862a52c_320.mp4,305,2000,
xIe5F0k2,Sri Anjaneya Dandakam,Sooryagayathri,Sri Anjaneya Dandakam,https://c.saavncdn.com/null/Sri-Anjaneya-Dandakam-Telugu-2021-20210514111955-500x500.jpg,https://aac.saavncdn.com/null/d20bcf4a062fb55141b798801cf0a580_320.mp4,342,2021,
qWUdw7_V,Deva Raaja,Vijai BulganinArya Dhayal,Baby,https://c.saavncdn.com/732/Baby-Telugu-2023-20230710131123-500x500.jpg,https://aac.saavncdn.com/732/8879cac9ab0d7a55b568338d5bcc1e4a_320.mp4,342,2023,
8cZdXX2m,Nannu Lalinchu,S.A. Raj KumarSujatha MohanUnni Menon,Cheppave Chirugalee,https://c.saavncdn.com/717/Cheppave-Chirugalee-2004-500x500.jpg,https://aac.saavncdn.com/717/6eeb3639ed7e2a0899d6a9dc6592dbaf_320.mp4,276,2004,
itusHAHw,Vennelintha,Venu SrirangamSunitha,Tulasi,https://c.saavncdn.com/722/Tulasi-Telugu-2007-20230808011742-500x500.jpg,https://aac.saavncdn.com/722/7494d89e2554c3ff8ef9826a0d516fb7_320.mp4,257,2007,
3vcaA6TS,Neela Poori,Kasarla Shyam,Mahathma,https://c.saavncdn.com/137/Mahathma-Telugu-2019-20220827080017-500x500.jpg,https://aac.saavncdn.com/137/b96f6cbe2ee7044686a92ad35d0682a1_320.mp4,216,2019,
AN1zv7KP,Anuvanuvuu,Sunny M.R.Arijit Singh,Om Bheem Bush,https://c.saavncdn.com/000/Om-Bheem-Bush-Telugu-2024-20240401231417-500x500.jpg,https://aac.saavncdn.com/000/cb9d6e279ff308e6d35507b5a4c27299_320.mp4,211,2024,
ncBHw-c5,Suttamla Soosi,Anurag KulkarniYuvan Shankar Raja,Gangs Of Godavari,https://c.saavncdn.com/000/Gangs-Of-Godavari-Telugu-2024-20240530193901-500x500.jpg,https://aac.saavncdn.com/000/c922662ca59e61d93c86b8aa20007bea_320.mp4,202,2024,
PiXTKfRo,Radhika,Ram Miriyala,Tillu Square,https://c.saavncdn.com/000/Tillu-Square-Telugu-2023-20240405190047-500x500.jpg,https://aac.saavncdn.com/000/7d014e12bf442a3e40bc98b34c3a22f8_320.mp4,188,2023,
A7AAUlh8,Nijame Ne Chebutunna,Sid Sriram,Ooru Peru Bhairavakona,https://c.saavncdn.com/000/Ooru-Peru-Bhairavakona-Telugu-2023-20240215171825-500x500.jpg,https://aac.saavncdn.com/000/507ac0876cbea201b822123ed81ea3fc_320.mp4,214,2023,
WEQu2WTS,Oka Maru Kalisina Andam,KarthikHarris Jayaraj,Ghajini,https://c.saavncdn.com/871/Ghajini-2005-500x500.jpg,https://aac.saavncdn.com/871/4dbe792b9c05172ed8a8fffe3561e9cd_320.mp4,353,2005,
U7q200WO,College Papa,Bheems CeciroleoVaramKeerthana SharmaGopika UdayanRam Nithin,MAD,https://c.saavncdn.com/000/MAD-Telugu-2023-20231004152950-500x500.jpg,https://aac.saavncdn.com/000/7b0786b276a69c59f717399deb4d1c2e_320.mp4,245,2023,
Z19qWKz9,O Rendu Prema Meghaalila (First Love Song),Vijai BulganinSreerama Chandra,Baby,https://c.saavncdn.com/732/Baby-Telugu-2023-20230710131123-500x500.jpg,https://aac.saavncdn.com/732/69124058bda0644eea3fdf0217c04952_320.mp4,314,2023,
qlFP7Lvm,Jalsa Jalsa,Baba SehgalRita Thyagarajan,Jalsa,https://c.saavncdn.com/903/Jalsa-2008-500x500.jpg,https://aac.saavncdn.com/903/afeef4df57a4bb28b5b3b9eea8678b58_320.mp4,259,2008,
gYM27Q-D,Vellake,Bharatt-SaurabhYazin NizarAnirudh Ravichander,Vellake,https://c.saavncdn.com/040/Vellake-Telugu-2023-20230510195047-500x500.jpg,https://aac.saavncdn.com/040/9b2f383a9287283c3776c6684ee73f7c_320.mp4,217,2023,
1S6VGbCH,Chamka Chamka,Mani SharmaRanjithGeetha Madhuri,Chirutha,https://c.saavncdn.com/959/Chirutha-2007-500x500.jpg,https://aac.saavncdn.com/959/ea6c72762b402462dfd1819113a9bdbf_320.mp4,308,2007,
bPFI_Oil,Oororo Yogi,KarthikSunitha Upadrasta,Yogi,https://c.saavncdn.com/630/Yogi-Telugu-2006-20190723074525-500x500.jpg,https://aac.saavncdn.com/630/5ccf8d8b97866459ca0b66b7584a5887_320.mp4,277,2006,
kBlrtHYZ,Maha Muddu,Mani SharmaShreya GhoshalKarthik,Jai Chiranjeeva,https://c.saavncdn.com/627/Jai-Chiranjeeva-2005-500x500.jpg,https://aac.saavncdn.com/627/ac85c1f1266c03c9ed20b21ef4d9a57d_320.mp4,306,2005,
54S2cA8W,Chiguraku Chatu,Mani SharmaSujatha MohanS.P. Charan,Gudumba Shankar,https://c.saavncdn.com/495/Gudumba-Shankar-2004-500x500.jpg,https://aac.saavncdn.com/495/4cc4389e2496d93a1b21d87478cdf372_320.mp4,311,2004,
ARuXdxyk,Kurchi Madathapetti,Mahesh BabuThaman SSri KrishnaSahithi Chaganti,Guntur Kaaram,https://c.saavncdn.com/000/Guntur-Kaaram-Telugu-2023-20240126145901-500x500.jpg,https://aac.saavncdn.com/000/a8b06cdf02fd61001823e10d55ad3ebe_320.mp4,216,2023,
DK808b4x,Kalalo Kooda,Tanishk BagchiSid SriramVaishnavi Kovvuri,Liger (Telugu) (Original Motion Picture Soundtrack),https://c.saavncdn.com/448/Liger-Telugu-Original-Motion-Picture-Soundtrack-Telugu-2022-20220826184921-500x500.jpg,https://aac.saavncdn.com/448/7aecba3f88bf10c2f23a23a990fcc36a_320.mp4,246,2022,
aVrpjw_7,Ticket Eh Konakunda,Ram Miriyala,Tillu Square,https://c.saavncdn.com/000/Tillu-Square-Telugu-2023-20240405190047-500x500.jpg,https://aac.saavncdn.com/000/4230cca1e82b5c22a2c34063e561ae0f_320.mp4,189,2023,
LLF5ZxnQ,Chiru Chiru,Yuvanshankar RajaHaricharanSagar Desai,Awaara,https://c.saavncdn.com/612/Awaara-Telugu-2013-500x500.jpg,https://aac.saavncdn.com/612/9c7b1b948242534344ea7acf3da553dc_320.mp4,286,2010,
yU_Zx3mf,Dum Masala,Thaman SSanjith Hegde,Guntur Kaaram,https://c.saavncdn.com/000/Guntur-Kaaram-Telugu-2023-20240126145901-500x500.jpg,https://aac.saavncdn.com/000/a20063ed2317350eb8f7e13728847e40_320.mp4,206,2023,
yAr5E8FZ,Konte Chooputho,Belly RajDeepaJames Vasanthan,Ananthapuram 1980,https://c.saavncdn.com/236/Ananthapuram-1980-Telugu-2013-500x500.jpg,https://cdn.pixabay.com/download/audio/2022/05/27/audio_1808fbf07a.mp3?filename=music-112905.mp3,326,2013,
1gugl0jt,Po Ve Po - The Pain Of Love,Anirudh RavichanderMohit Chauhan,3 (Telugu),https://c.saavncdn.com/244/3-Telugu-2012-500x500.jpg,https://aac.saavncdn.com/244/c98976a02a6ce03c15004488708324fa_320.mp4,255,2012,
egqN9nKL,Adhento Gaani Vunnapaatuga,Anirudh Ravichander,Jersey,https://c.saavncdn.com/623/Jersey-Telugu-2019-20190427102305-500x500.jpg,https://aac.saavncdn.com/623/3fdef490938e83e350d820bc031dde3a_320.mp4,237,2019,
26ZdsX1e,Mr. Perfect,Rita ThyagarajanDevi Sri PrasadBaba Sehgal,Aarya - 2,https://c.saavncdn.com/298/Aarya-2-Telugu-2009-20190822135933-500x500.jpg,https://aac.saavncdn.com/298/f59220bb6eb2f89afb48391c4e72743b_320.mp4,276,2009,
BgqPmnlD,Apudo Ipudo,Devi Sri PrasadSiddharth,Bommarillu,https://c.saavncdn.com/843/Bommarillu-2000-500x500.jpg,https://aac.saavncdn.com/843/ca7e36439771ce63641bc47e457d8260_320.mp4,244,2000,
2CDYPNKQ,Alloneredu Kalla,Mani SharmaK. S. ChithraParthasarathy,Seenu,https://c.saavncdn.com/406/Seenu-2000-500x500.jpg,https://aac.saavncdn.com/406/aef4dc3d3a3243012efedd166ac49dcb_320.mp4,278,2000,
cVQR6Pf7,Chinnaga Chinnaga,Mani SharmaK. S. ChithraHariharan,Tagore,https://c.saavncdn.com/769/Tagore-2003-500x500.jpg,https://aac.saavncdn.com/769/d36fdc955f7539b56e5f62bcd11bad74_320.mp4,325,2003,
QRqVZRYe,Life Of Ram,Pradeep Kumar,Jaanu,https://c.saavncdn.com/568/Jaanu-Telugu-2020-20200201183214-500x500.jpg,https://aac.saavncdn.com/568/f6e92ec11e1400b109a8c8fabf18462a_320.mp4,364,2020,
4W-eQraL,Niddura Potunna,KotiShankar Mahadevan,Nuvve Nuvve,https://c.saavncdn.com/312/Nuvve-Nuvve-2002-500x500.jpg,https://aac.saavncdn.com/312/a6472c24d86af79d51bd6a2ce87014cd_320.mp4,273,2002,
85HwCRYA,Nindu Punammi Vela,Suman BadanakalSrinidhi Nerella,Nindu Punammi Vela,https://c.saavncdn.com/466/Nindu-Punammi-Vela-Telugu-2022-20220823135133-500x500.jpg,https://aac.saavncdn.com/466/e1d900114aee2d86b90550d3c2947439_320.mp4,249,2022,
tYnQN1Rc,Sooseki (From &quot;Pushpa 2 The Rule&quot;),Shreya GhoshalDevi Sri PrasadChandrabose,Sooseki (From &quot;Pushpa 2 The Rule&quot;),https://c.saavncdn.com/597/Sooseki-From-Pushpa-2-The-Rule-Telugu-2024-20240528221003-500x500.jpg,https://aac.saavncdn.com/597/ff0e8574667d494a8c9c7b9176690194_320.mp4,260,2024,
kehuVn2F,Maate Vinadhuga,Sid Sriram,Taxiwaala,https://c.saavncdn.com/761/Taxiwaala-Telugu-2018-20181123170326-500x500.jpg,https://aac.saavncdn.com/199/c6f372d7f53cfd407e4175b1e96e5faf_320.mp4,275,2018,
2tSfxpxj,Vikram Title Track (Telugu),Anirudh RavichanderPrudhvi Chandra,Vikram Hitlist,https://c.saavncdn.com/666/Vikram-Hitlist-Telugu-2022-20220607175939-500x500.jpg,https://aac.saavncdn.com/666/d7c96a80530e9b8bb08fd9f4d30f3269_320.mp4,218,2022,
5OjdY4fM,Tillu Anna DJ Pedithe,Ram Miriyala,DJ Tillu,https://c.saavncdn.com/430/DJ-Tillu-Telugu-2022-20220210033850-500x500.jpg,https://aac.saavncdn.com/430/7c1e7a6ca761e7db04d9169208d46eca_320.mp4,183,2022,
6KCYJHd6,Nalupu,Thaman SRita ThyagarajanSuchith Santoshan,Kanchana,https://c.saavncdn.com/730/Kanchana-2011-500x500.jpg,https://aac.saavncdn.com/730/fe889607e512eb8e485348f4602967a1_320.mp4,294,2011,
K29POdbr,Kollagottey,Anirudh Ravichander,Remo (Telugu) [Original Motion Picture Soundtrack],https://c.saavncdn.com/342/Remo-Telugu-Original-Motion-Picture-Soundtrack--Telugu-2016-20210522202710-500x500.jpg,https://aac.saavncdn.com/342/318b5b19dc6207bd3512e0d753f0c60b_320.mp4,251,2016,
AN1zv7KP,Anuvanuvuu,Sunny M.R.Arijit Singh,Om Bheem Bush,https://c.saavncdn.com/000/Om-Bheem-Bush-Telugu-2024-20240401231417-500x500.jpg,https://aac.saavncdn.com/000/cb9d6e279ff308e6d35507b5a4c27299_320.mp4,211,2024,
ncBHw-c5,Suttamla Soosi,Anurag KulkarniYuvan Shankar Raja,Gangs Of Godavari,https://c.saavncdn.com/000/Gangs-Of-Godavari-Telugu-2024-20240530193901-500x500.jpg,https://aac.saavncdn.com/000/c922662ca59e61d93c86b8aa20007bea_320.mp4,202,2024,
O_iU1zto,Ola Olaala Ala,Ranina ReddyN.C. Karunya,Orange,https://c.saavncdn.com/105/Orange-Telugu-2006-20210624180302-500x500.jpg,https://aac.saavncdn.com/105/237c590e3f0871ef19b1aab3aee07274_320.mp4,334,2010,
A7AAUlh8,Nijame Ne Chebutunna,Sid Sriram,Ooru Peru Bhairavakona,https://c.saavncdn.com/000/Ooru-Peru-Bhairavakona-Telugu-2023-20240215171825-500x500.jpg,https://aac.saavncdn.com/000/507ac0876cbea201b822123ed81ea3fc_320.mp4,214,2023,
WEQu2WTS,Oka Maru Kalisina Andam,KarthikHarris Jayaraj,Ghajini,https://c.saavncdn.com/871/Ghajini-2005-500x500.jpg,https://aac.saavncdn.com/871/4dbe792b9c05172ed8a8fffe3561e9cd_320.mp4,353,2005,
U7q200WO,College Papa,Bheems CeciroleoVaramKeerthana SharmaGopika UdayanRam Nithin,MAD,https://c.saavncdn.com/000/MAD-Telugu-2023-20231004152950-500x500.jpg,https://aac.saavncdn.com/000/7b0786b276a69c59f717399deb4d1c2e_320.mp4,245,2023,
VlZYRcfQ,Mastaaru Mastaaru,G.V. Prakash KumarShweta Mohan,Sir,https://c.saavncdn.com/blob/026/Sir-Telugu-2022-20230211174608-500x500.jpg,https://aac.saavncdn.com/000/be9f5d9003cc9114189bc6c3551e4743_320.mp4,225,2022,
qlFP7Lvm,Jalsa Jalsa,Baba SehgalRita Thyagarajan,Jalsa,https://c.saavncdn.com/903/Jalsa-2008-500x500.jpg,https://aac.saavncdn.com/903/afeef4df57a4bb28b5b3b9eea8678b58_320.mp4,259,2008,
1S6VGbCH,Chamka Chamka,Mani SharmaRanjithGeetha Madhuri,Chirutha,https://c.saavncdn.com/959/Chirutha-2007-500x500.jpg,https://aac.saavncdn.com/959/ea6c72762b402462dfd1819113a9bdbf_320.mp4,308,2007,
ARuXdxyk,Kurchi Madathapetti,Mahesh BabuThaman SSri KrishnaSahithi Chaganti,Guntur Kaaram,https://c.saavncdn.com/000/Guntur-Kaaram-Telugu-2023-20240126145901-500x500.jpg,https://aac.saavncdn.com/000/a8b06cdf02fd61001823e10d55ad3ebe_320.mp4,216,2023,
DK808b4x,Kalalo Kooda,Tanishk BagchiSid SriramVaishnavi Kovvuri,Liger (Telugu) (Original Motion Picture Soundtrack),https://c.saavncdn.com/448/Liger-Telugu-Original-Motion-Picture-Soundtrack-Telugu-2022-20220826184921-500x500.jpg,https://aac.saavncdn.com/448/7aecba3f88bf10c2f23a23a990fcc36a_320.mp4,246,2022,
yU_Zx3mf,Dum Masala,Thaman SSanjith Hegde,Guntur Kaaram,https://c.saavncdn.com/000/Guntur-Kaaram-Telugu-2023-20240126145901-500x500.jpg,https://aac.saavncdn.com/000/a20063ed2317350eb8f7e13728847e40_320.mp4,206,2023,
1gugl0jt,Po Ve Po - The Pain Of Love,Anirudh RavichanderMohit Chauhan,3 (Telugu),https://c.saavncdn.com/244/3-Telugu-2012-500x500.jpg,https://aac.saavncdn.com/244/c98976a02a6ce03c15004488708324fa_320.mp4,255,2012,
egqN9nKL,Adhento Gaani Vunnapaatuga,Anirudh Ravichander,Jersey,https://c.saavncdn.com/623/Jersey-Telugu-2019-20190427102305-500x500.jpg,https://aac.saavncdn.com/623/3fdef490938e83e350d820bc031dde3a_320.mp4,237,2019,
26ZdsX1e,Mr. Perfect,Rita ThyagarajanDevi Sri PrasadBaba Sehgal,Aarya - 2,https://c.saavncdn.com/298/Aarya-2-Telugu-2009-20190822135933-500x500.jpg,https://aac.saavncdn.com/298/f59220bb6eb2f89afb48391c4e72743b_320.mp4,276,2009,
BgqPmnlD,Apudo Ipudo,Devi Sri PrasadSiddharth,Bommarillu,https://c.saavncdn.com/843/Bommarillu-2000-500x500.jpg,https://aac.saavncdn.com/843/ca7e36439771ce63641bc47e457d8260_320.mp4,244,2000,
U8I_Y6YR,Nuvvu Navvukuntu,Kapil Kapilan,MAD,https://c.saavncdn.com/000/MAD-Telugu-2023-20231004152950-500x500.jpg,https://aac.saavncdn.com/000/79776db2d29a11cb4d9147b67da6fb9b_320.mp4,204,2023,
2CDYPNKQ,Alloneredu Kalla,Mani SharmaK. S. ChithraParthasarathy,Seenu,https://c.saavncdn.com/406/Seenu-2000-500x500.jpg,https://aac.saavncdn.com/406/aef4dc3d3a3243012efedd166ac49dcb_320.mp4,278,2000,
QRqVZRYe,Life Of Ram,Pradeep Kumar,Jaanu,https://c.saavncdn.com/568/Jaanu-Telugu-2020-20200201183214-500x500.jpg,https://aac.saavncdn.com/568/f6e92ec11e1400b109a8c8fabf18462a_320.mp4,364,2020,
bJ9zKoGH,Ismart Title Song,Anurag Kulkarni,Ismart Shankar,https://c.saavncdn.com/213/Ismart-Shankar-Telugu-2019-20190711134004-500x500.jpg,https://aac.saavncdn.com/137/8df065439c058536cd7ce61d77180e34_320.mp4,252,2019,
4W-eQraL,Niddura Potunna,KotiShankar Mahadevan,Nuvve Nuvve,https://c.saavncdn.com/312/Nuvve-Nuvve-2002-500x500.jpg,https://aac.saavncdn.com/312/a6472c24d86af79d51bd6a2ce87014cd_320.mp4,273,2002,
tYnQN1Rc,Sooseki (From &quot;Pushpa 2 The Rule&quot;),Shreya GhoshalDevi Sri PrasadChandrabose,Sooseki (From &quot;Pushpa 2 The Rule&quot;),https://c.saavncdn.com/597/Sooseki-From-Pushpa-2-The-Rule-Telugu-2024-20240528221003-500x500.jpg,https://aac.saavncdn.com/597/ff0e8574667d494a8c9c7b9176690194_320.mp4,260,2024,
kehuVn2F,Maate Vinadhuga,Sid Sriram,Taxiwaala,https://c.saavncdn.com/761/Taxiwaala-Telugu-2018-20181123170326-500x500.jpg,https://aac.saavncdn.com/199/c6f372d7f53cfd407e4175b1e96e5faf_320.mp4,275,2018,
5OjdY4fM,Tillu Anna DJ Pedithe,Ram Miriyala,DJ Tillu,https://c.saavncdn.com/430/DJ-Tillu-Telugu-2022-20220210033850-500x500.jpg,https://aac.saavncdn.com/430/7c1e7a6ca761e7db04d9169208d46eca_320.mp4,183,2022,
6KCYJHd6,Nalupu,Thaman SRita ThyagarajanSuchith Santoshan,Kanchana,https://c.saavncdn.com/730/Kanchana-2011-500x500.jpg,https://aac.saavncdn.com/730/fe889607e512eb8e485348f4602967a1_320.mp4,294,2011,
yQcTqw6-,Fear Song (From &quot;Devara Part 1&quot;) - Telugu,Anirudh RavichanderRamajogayya Sastry,Fear Song (From &quot;Devara Part 1&quot;) - Telugu,https://c.saavncdn.com/368/Fear-Song-From-Devara-Part-1-Telugu-Telugu-2024-20240519131003-500x500.jpg,https://aac.saavncdn.com/368/7a8cf153bc1e43fabc533b2e1ead49d9_320.mp4,195,2024,
K29POdbr,Kollagottey,Anirudh Ravichander,Remo (Telugu) [Original Motion Picture Soundtrack],https://c.saavncdn.com/342/Remo-Telugu-Original-Motion-Picture-Soundtrack--Telugu-2016-20210522202710-500x500.jpg,https://aac.saavncdn.com/342/318b5b19dc6207bd3512e0d753f0c60b_320.mp4,251,2016,
ncBHw-c5,Suttamla Soosi,Anurag KulkarniYuvan Shankar Raja,Gangs Of Godavari,https://c.saavncdn.com/000/Gangs-Of-Godavari-Telugu-2024-20240530193901-500x500.jpg,https://aac.saavncdn.com/000/c922662ca59e61d93c86b8aa20007bea_320.mp4,202,2024,
PiXTKfRo,Radhika,Ram Miriyala,Tillu Square,https://c.saavncdn.com/000/Tillu-Square-Telugu-2023-20240405190047-500x500.jpg,https://aac.saavncdn.com/000/7d014e12bf442a3e40bc98b34c3a22f8_320.mp4,188,2023,
Z19qWKz9,O Rendu Prema Meghaalila (First Love Song),Vijai BulganinSreerama Chandra,Baby,https://c.saavncdn.com/732/Baby-Telugu-2023-20230710131123-500x500.jpg,https://aac.saavncdn.com/732/69124058bda0644eea3fdf0217c04952_320.mp4,314,2023,
gYM27Q-D,Vellake,Bharatt-SaurabhYazin NizarAnirudh Ravichander,Vellake,https://c.saavncdn.com/040/Vellake-Telugu-2023-20230510195047-500x500.jpg,https://aac.saavncdn.com/040/9b2f383a9287283c3776c6684ee73f7c_320.mp4,217,2023,
1S6VGbCH,Chamka Chamka,Mani SharmaRanjithGeetha Madhuri,Chirutha,https://c.saavncdn.com/959/Chirutha-2007-500x500.jpg,https://aac.saavncdn.com/959/ea6c72762b402462dfd1819113a9bdbf_320.mp4,308,2007,
#NAME?,Mellaga,Devi Sri PrasadS.P. CharanSumangali,Varsham,https://c.saavncdn.com/449/Varsham-2003-500x500.jpg,https://cdn.pixabay.com/download/audio/2022/03/10/audio_5b667e5bb3.mp3?filename=electronic-future-beats-117997.mp3,321,2003,
kBlrtHYZ,Maha Muddu,Mani SharmaShreya GhoshalKarthik,Jai Chiranjeeva,https://c.saavncdn.com/627/Jai-Chiranjeeva-2005-500x500.jpg,https://aac.saavncdn.com/627/ac85c1f1266c03c9ed20b21ef4d9a57d_320.mp4,306,2005,
54S2cA8W,Chiguraku Chatu,Mani SharmaSujatha MohanS.P. Charan,Gudumba Shankar,https://c.saavncdn.com/495/Gudumba-Shankar-2004-500x500.jpg,https://aac.saavncdn.com/495/4cc4389e2496d93a1b21d87478cdf372_320.mp4,311,2004,
DK808b4x,Kalalo Kooda,Tanishk BagchiSid SriramVaishnavi Kovvuri,Liger (Telugu) (Original Motion Picture Soundtrack),https://c.saavncdn.com/448/Liger-Telugu-Original-Motion-Picture-Soundtrack-Telugu-2022-20220826184921-500x500.jpg,https://aac.saavncdn.com/448/7aecba3f88bf10c2f23a23a990fcc36a_320.mp4,246,2022,
aVrpjw_7,Ticket Eh Konakunda,Ram Miriyala,Tillu Square,https://c.saavncdn.com/000/Tillu-Square-Telugu-2023-20240405190047-500x500.jpg,https://aac.saavncdn.com/000/4230cca1e82b5c22a2c34063e561ae0f_320.mp4,189,2023,
yAr5E8FZ,Konte Chooputho,Belly RajDeepaJames Vasanthan,Ananthapuram 1980,https://c.saavncdn.com/236/Ananthapuram-1980-Telugu-2013-500x500.jpg,https://cdn.pixabay.com/download/audio/2022/03/15/audio_c8c8a73467.mp3?filename=fun-life-112188.mp3,326,2013,
egqN9nKL,Adhento Gaani Vunnapaatuga,Anirudh Ravichander,Jersey,https://c.saavncdn.com/623/Jersey-Telugu-2019-20190427102305-500x500.jpg,https://aac.saavncdn.com/623/3fdef490938e83e350d820bc031dde3a_320.mp4,237,2019,
BgqPmnlD,Apudo Ipudo,Devi Sri PrasadSiddharth,Bommarillu,https://c.saavncdn.com/843/Bommarillu-2000-500x500.jpg,https://aac.saavncdn.com/843/ca7e36439771ce63641bc47e457d8260_320.mp4,244,2000,
U8I_Y6YR,Nuvvu Navvukuntu,Kapil Kapilan,MAD,https://c.saavncdn.com/000/MAD-Telugu-2023-20231004152950-500x500.jpg,https://aac.saavncdn.com/000/79776db2d29a11cb4d9147b67da6fb9b_320.mp4,204,2023,
cVQR6Pf7,Chinnaga Chinnaga,Mani SharmaK. S. ChithraHariharan,Tagore,https://c.saavncdn.com/769/Tagore-2003-500x500.jpg,https://aac.saavncdn.com/769/d36fdc955f7539b56e5f62bcd11bad74_320.mp4,325,2003,
tYnQN1Rc,Sooseki (From &quot;Pushpa 2 The Rule&quot;),Shreya GhoshalDevi Sri PrasadChandrabose,Sooseki (From &quot;Pushpa 2 The Rule&quot;),https://c.saavncdn.com/597/Sooseki-From-Pushpa-2-The-Rule-Telugu-2024-20240528221003-500x500.jpg,https://aac.saavncdn.com/597/ff0e8574667d494a8c9c7b9176690194_320.mp4,260,2024,
kehuVn2F,Maate Vinadhuga,Sid Sriram,Taxiwaala,https://c.saavncdn.com/761/Taxiwaala-Telugu-2018-20181123170326-500x500.jpg,https://aac.saavncdn.com/199/c6f372d7f53cfd407e4175b1e96e5faf_320.mp4,275,2018,
6KCYJHd6,Nalupu,Thaman SRita ThyagarajanSuchith Santoshan,Kanchana,https://c.saavncdn.com/730/Kanchana-2011-500x500.jpg,https://aac.saavncdn.com/730/fe889607e512eb8e485348f4602967a1_320.mp4,294,2011,
yQcTqw6-,Fear Song (From &quot;Devara Part 1&quot;) - Telugu,Anirudh RavichanderRamajogayya Sastry,Fear Song (From &quot;Devara Part 1&quot;) - Telugu,https://c.saavncdn.com/368/Fear-Song-From-Devara-Part-1-Telugu-Telugu-2024-20240519131003-500x500.jpg,https://aac.saavncdn.com/368/7a8cf153bc1e43fabc533b2e1ead49d9_320.mp4,195,2024,
ncBHw-c5,Suttamla Soosi,Anurag KulkarniYuvan Shankar Raja,Gangs Of Godavari,https://c.saavncdn.com/000/Gangs-Of-Godavari-Telugu-2024-20240530193901-500x500.jpg,https://aac.saavncdn.com/000/c922662ca59e61d93c86b8aa20007bea_320.mp4,202,2024,
O_iU1zto,Ola Olaala Ala,Ranina ReddyN.C. Karunya,Orange,https://c.saavncdn.com/105/Orange-Telugu-2006-20210624180302-500x500.jpg,https://aac.saavncdn.com/105/237c590e3f0871ef19b1aab3aee07274_320.mp4,334,2010,
PiXTKfRo,Radhika,Ram Miriyala,Tillu Square,https://c.saavncdn.com/000/Tillu-Square-Telugu-2023-20240405190047-500x500.jpg,https://aac.saavncdn.com/000/7d014e12bf442a3e40bc98b34c3a22f8_320.mp4,188,2023,
WEQu2WTS,Oka Maru Kalisina Andam,KarthikHarris Jayaraj,Ghajini,https://c.saavncdn.com/871/Ghajini-2005-500x500.jpg,https://aac.saavncdn.com/871/4dbe792b9c05172ed8a8fffe3561e9cd_320.mp4,353,2005,
Z19qWKz9,O Rendu Prema Meghaalila (First Love Song),Vijai BulganinSreerama Chandra,Baby,https://c.saavncdn.com/732/Baby-Telugu-2023-20230710131123-500x500.jpg,https://aac.saavncdn.com/732/69124058bda0644eea3fdf0217c04952_320.mp4,314,2023,
VlZYRcfQ,Mastaaru Mastaaru,G.V. Prakash KumarShweta Mohan,Sir,https://c.saavncdn.com/blob/026/Sir-Telugu-2022-20230211174608-500x500.jpg,https://aac.saavncdn.com/000/be9f5d9003cc9114189bc6c3551e4743_320.mp4,225,2022,
qlFP7Lvm,Jalsa Jalsa,Baba SehgalRita Thyagarajan,Jalsa,https://c.saavncdn.com/903/Jalsa-2008-500x500.jpg,https://aac.saavncdn.com/903/afeef4df57a4bb28b5b3b9eea8678b58_320.mp4,259,2008,
gYM27Q-D,Vellake,Bharatt-SaurabhYazin NizarAnirudh Ravichander,Vellake,https://c.saavncdn.com/040/Vellake-Telugu-2023-20230510195047-500x500.jpg,https://aac.saavncdn.com/040/9b2f383a9287283c3776c6684ee73f7c_320.mp4,217,2023,
1S6VGbCH,Chamka Chamka,Mani SharmaRanjithGeetha Madhuri,Chirutha,https://c.saavncdn.com/959/Chirutha-2007-500x500.jpg,https://aac.saavncdn.com/959/ea6c72762b402462dfd1819113a9bdbf_320.mp4,308,2007,
bPFI_Oil,Oororo Yogi,KarthikSunitha Upadrasta,Yogi,https://c.saavncdn.com/630/Yogi-Telugu-2006-20190723074525-500x500.jpg,https://aac.saavncdn.com/630/5ccf8d8b97866459ca0b66b7584a5887_320.mp4,277,2006,
kBlrtHYZ,Maha Muddu,Mani SharmaShreya GhoshalKarthik,Jai Chiranjeeva,https://c.saavncdn.com/627/Jai-Chiranjeeva-2005-500x500.jpg,https://aac.saavncdn.com/627/ac85c1f1266c03c9ed20b21ef4d9a57d_320.mp4,306,2005,
54S2cA8W,Chiguraku Chatu,Mani SharmaSujatha MohanS.P. Charan,Gudumba Shankar,https://c.saavncdn.com/495/Gudumba-Shankar-2004-500x500.jpg,https://aac.saavncdn.com/495/4cc4389e2496d93a1b21d87478cdf372_320.mp4,311,2004,
ARuXdxyk,Kurchi Madathapetti,Mahesh BabuThaman SSri KrishnaSahithi Chaganti,Guntur Kaaram,https://c.saavncdn.com/000/Guntur-Kaaram-Telugu-2023-20240126145901-500x500.jpg,https://aac.saavncdn.com/000/a8b06cdf02fd61001823e10d55ad3ebe_320.mp4,216,2023,
DK808b4x,Kalalo Kooda,Tanishk BagchiSid SriramVaishnavi Kovvuri,Liger (Telugu) (Original Motion Picture Soundtrack),https://c.saavncdn.com/448/Liger-Telugu-Original-Motion-Picture-Soundtrack-Telugu-2022-20220826184921-500x500.jpg,https://aac.saavncdn.com/448/7aecba3f88bf10c2f23a23a990fcc36a_320.mp4,246,2022,
aVrpjw_7,Ticket Eh Konakunda,Ram Miriyala,Tillu Square,https://c.saavncdn.com/000/Tillu-Square-Telugu-2023-20240405190047-500x500.jpg,https://aac.saavncdn.com/000/4230cca1e82b5c22a2c34063e561ae0f_320.mp4,189,2023,
LLF5ZxnQ,Chiru Chiru,Yuvanshankar RajaHaricharanSagar Desai,Awaara,https://c.saavncdn.com/612/Awaara-Telugu-2013-500x500.jpg,https://aac.saavncdn.com/612/9c7b1b948242534344ea7acf3da553dc_320.mp4,286,2010,
yU_Zx3mf,Dum Masala,Thaman SSanjith Hegde,Guntur Kaaram,https://c.saavncdn.com/000/Guntur-Kaaram-Telugu-2023-20240126145901-500x500.jpg,https://aac.saavncdn.com/000/a20063ed2317350eb8f7e13728847e40_320.mp4,206,2023,
1gugl0jt,Po Ve Po - The Pain Of Love,Anirudh RavichanderMohit Chauhan,3 (Telugu),https://c.saavncdn.com/244/3-Telugu-2012-500x500.jpg,https://aac.saavncdn.com/244/c98976a02a6ce03c15004488708324fa_320.mp4,255,2012,
egqN9nKL,Adhento Gaani Vunnapaatuga,Anirudh Ravichander,Jersey,https://c.saavncdn.com/623/Jersey-Telugu-2019-20190427102305-500x500.jpg,https://aac.saavncdn.com/623/3fdef490938e83e350d820bc031dde3a_320.mp4,237,2019,
26ZdsX1e,Mr. Perfect,Rita ThyagarajanDevi Sri PrasadBaba Sehgal,Aarya - 2,https://c.saavncdn.com/298/Aarya-2-Telugu-2009-20190822135933-500x500.jpg,https://aac.saavncdn.com/298/f59220bb6eb2f89afb48391c4e72743b_320.mp4,276,2009,
BgqPmnlD,Apudo Ipudo,Devi Sri PrasadSiddharth,Bommarillu,https://c.saavncdn.com/843/Bommarillu-2000-500x500.jpg,https://aac.saavncdn.com/843/ca7e36439771ce63641bc47e457d8260_320.mp4,244,2000,
2CDYPNKQ,Alloneredu Kalla,Mani SharmaK. S. ChithraParthasarathy,Seenu,https://c.saavncdn.com/406/Seenu-2000-500x500.jpg,https://aac.saavncdn.com/406/aef4dc3d3a3243012efedd166ac49dcb_320.mp4,278,2000,
QRqVZRYe,Life Of Ram,Pradeep Kumar,Jaanu,https://c.saavncdn.com/568/Jaanu-Telugu-2020-20200201183214-500x500.jpg,https://aac.saavncdn.com/568/f6e92ec11e1400b109a8c8fabf18462a_320.mp4,364,2020,
85HwCRYA,Nindu Punammi Vela,Suman BadanakalSrinidhi Nerella,Nindu Punammi Vela,https://c.saavncdn.com/466/Nindu-Punammi-Vela-Telugu-2022-20220823135133-500x500.jpg,https://aac.saavncdn.com/466/e1d900114aee2d86b90550d3c2947439_320.mp4,249,2022,
2tSfxpxj,Vikram Title Track (Telugu),Anirudh RavichanderPrudhvi Chandra,Vikram Hitlist,https://c.saavncdn.com/666/Vikram-Hitlist-Telugu-2022-20220607175939-500x500.jpg,https://aac.saavncdn.com/666/d7c96a80530e9b8bb08fd9f4d30f3269_320.mp4,218,2022,
5OjdY4fM,Tillu Anna DJ Pedithe,Ram Miriyala,DJ Tillu,https://c.saavncdn.com/430/DJ-Tillu-Telugu-2022-20220210033850-500x500.jpg,https://aac.saavncdn.com/430/7c1e7a6ca761e7db04d9169208d46eca_320.mp4,183,2022,
yQcTqw6-,Fear Song (From &quot;Devara Part 1&quot;) - Telugu,Anirudh RavichanderRamajogayya Sastry,Fear Song (From &quot;Devara Part 1&quot;) - Telugu,https://c.saavncdn.com/368/Fear-Song-From-Devara-Part-1-Telugu-Telugu-2024-20240519131003-500x500.jpg,https://aac.saavncdn.com/368/7a8cf153bc1e43fabc533b2e1ead49d9_320.mp4,195,2024,
K29POdbr,Kollagottey,Anirudh Ravichander,Remo (Telugu) [Original Motion Picture Soundtrack],https://c.saavncdn.com/342/Remo-Telugu-Original-Motion-Picture-Soundtrack--Telugu-2016-20210522202710-500x500.jpg,https://aac.saavncdn.com/342/318b5b19dc6207bd3512e0d753f0c60b_320.mp4,251,2016,
AN1zv7KP,Anuvanuvuu,Sunny M.R.Arijit Singh,Om Bheem Bush,https://c.saavncdn.com/000/Om-Bheem-Bush-Telugu-2024-20240401231417-500x500.jpg,https://aac.saavncdn.com/000/cb9d6e279ff308e6d35507b5a4c27299_320.mp4,211,2024,
O_iU1zto,Ola Olaala Ala,Ranina ReddyN.C. Karunya,Orange,https://c.saavncdn.com/105/Orange-Telugu-2006-20210624180302-500x500.jpg,https://aac.saavncdn.com/105/237c590e3f0871ef19b1aab3aee07274_320.mp4,334,2010,
PiXTKfRo,Radhika,Ram Miriyala,Tillu Square,https://c.saavncdn.com/000/Tillu-Square-Telugu-2023-20240405190047-500x500.jpg,https://aac.saavncdn.com/000/7d014e12bf442a3e40bc98b34c3a22f8_320.mp4,188,2023,
U7q200WO,College Papa,Bheems CeciroleoVaramKeerthana SharmaGopika UdayanRam Nithin,MAD,https://c.saavncdn.com/000/MAD-Telugu-2023-20231004152950-500x500.jpg,https://aac.saavncdn.com/000/7b0786b276a69c59f717399deb4d1c2e_320.mp4,245,2023,
Z19qWKz9,O Rendu Prema Meghaalila (First Love Song),Vijai BulganinSreerama Chandra,Baby,https://c.saavncdn.com/732/Baby-Telugu-2023-20230710131123-500x500.jpg,https://aac.saavncdn.com/732/69124058bda0644eea3fdf0217c04952_320.mp4,314,2023,
VlZYRcfQ,Mastaaru Mastaaru,G.V. Prakash KumarShweta Mohan,Sir,https://c.saavncdn.com/blob/026/Sir-Telugu-2022-20230211174608-500x500.jpg,https://aac.saavncdn.com/000/be9f5d9003cc9114189bc6c3551e4743_320.mp4,225,2022,
gYM27Q-D,Vellake,Bharatt-SaurabhYazin NizarAnirudh Ravichander,Vellake,https://c.saavncdn.com/040/Vellake-Telugu-2023-20230510195047-500x500.jpg,https://aac.saavncdn.com/040/9b2f383a9287283c3776c6684ee73f7c_320.mp4,217,2023,
1S6VGbCH,Chamka Chamka,Mani SharmaRanjithGeetha Madhuri,Chirutha,https://c.saavncdn.com/959/Chirutha-2007-500x500.jpg,https://aac.saavncdn.com/959/ea6c72762b402462dfd1819113a9bdbf_320.mp4,308,2007,
bPFI_Oil,Oororo Yogi,KarthikSunitha Upadrasta,Yogi,https://c.saavncdn.com/630/Yogi-Telugu-2006-20190723074525-500x500.jpg,https://aac.saavncdn.com/630/5ccf8d8b97866459ca0b66b7584a5887_320.mp4,277,2006,
yU_Zx3mf,Dum Masala,Thaman SSanjith Hegde,Guntur Kaaram,https://c.saavncdn.com/000/Guntur-Kaaram-Telugu-2023-20240126145901-500x500.jpg,https://aac.saavncdn.com/000/a20063ed2317350eb8f7e13728847e40_320.mp4,206,2023,
yAr5E8FZ,Konte Chooputho,Belly RajDeepaJames Vasanthan,Ananthapuram 1980,https://c.saavncdn.com/236/Ananthapuram-1980-Telugu-2013-500x500.jpg,https://cdn.pixabay.com/download/audio/2022/01/18/audio_d0a13f69d2.mp3?filename=mountain-path-125573.mp3,326,2013,
1gugl0jt,Po Ve Po - The Pain Of Love,Anirudh RavichanderMohit Chauhan,3 (Telugu),https://c.saavncdn.com/244/3-Telugu-2012-500x500.jpg,https://aac.saavncdn.com/244/c98976a02a6ce03c15004488708324fa_320.mp4,255,2012,
26ZdsX1e,Mr. Perfect,Rita ThyagarajanDevi Sri PrasadBaba Sehgal,Aarya - 2,https://c.saavncdn.com/298/Aarya-2-Telugu-2009-20190822135933-500x500.jpg,https://aac.saavncdn.com/298/f59220bb6eb2f89afb48391c4e72743b_320.mp4,276,2009,
U8I_Y6YR,Nuvvu Navvukuntu,Kapil Kapilan,MAD,https://c.saavncdn.com/000/MAD-Telugu-2023-20231004152950-500x500.jpg,https://aac.saavncdn.com/000/79776db2d29a11cb4d9147b67da6fb9b_320.mp4,204,2023,
4W-eQraL,Niddura Potunna,KotiShankar Mahadevan,Nuvve Nuvve,https://c.saavncdn.com/312/Nuvve-Nuvve-2002-500x500.jpg,https://aac.saavncdn.com/312/a6472c24d86af79d51bd6a2ce87014cd_320.mp4,273,2002,
85HwCRYA,Nindu Punammi Vela,Suman BadanakalSrinidhi Nerella,Nindu Punammi Vela,https://c.saavncdn.com/466/Nindu-Punammi-Vela-Telugu-2022-20220823135133-500x500.jpg,https://aac.saavncdn.com/466/e1d900114aee2d86b90550d3c2947439_320.mp4,249,2022,
tYnQN1Rc,Sooseki (From &quot;Pushpa 2 The Rule&quot;),Shreya GhoshalDevi Sri PrasadChandrabose,Sooseki (From &quot;Pushpa 2 The Rule&quot;),https://c.saavncdn.com/597/Sooseki-From-Pushpa-2-The-Rule-Telugu-2024-20240528221003-500x500.jpg,https://aac.saavncdn.com/597/ff0e8574667d494a8c9c7b9176690194_320.mp4,260,2024,
kehuVn2F,Maate Vinadhuga,Sid Sriram,Taxiwaala,https://c.saavncdn.com/761/Taxiwaala-Telugu-2018-20181123170326-500x500.jpg,https://aac.saavncdn.com/199/c6f372d7f53cfd407e4175b1e96e5faf_320.mp4,275,2018,
5OjdY4fM,Tillu Anna DJ Pedithe,Ram Miriyala,DJ Tillu,https://c.saavncdn.com/430/DJ-Tillu-Telugu-2022-20220210033850-500x500.jpg,https://aac.saavncdn.com/430/7c1e7a6ca761e7db04d9169208d46eca_320.mp4,183,2022,
6KCYJHd6,Nalupu,Thaman SRita ThyagarajanSuchith Santoshan,Kanchana,https://c.saavncdn.com/730/Kanchana-2011-500x500.jpg,https://aac.saavncdn.com/730/fe889607e512eb8e485348f4602967a1_320.mp4,294,2011,
K29POdbr,Kollagottey,Anirudh Ravichander,Remo (Telugu) [Original Motion Picture Soundtrack],https://c.saavncdn.com/342/Remo-Telugu-Original-Motion-Picture-Soundtrack--Telugu-2016-20210522202710-500x500.jpg,https://aac.saavncdn.com/342/318b5b19dc6207bd3512e0d753f0c60b_320.mp4,251,2016,
AN1zv7KP,Anuvanuvuu,Sunny M.R.Arijit Singh,Om Bheem Bush,https://c.saavncdn.com/000/Om-Bheem-Bush-Telugu-2024-20240401231417-500x500.jpg,https://aac.saavncdn.com/000/cb9d6e279ff308e6d35507b5a4c27299_320.mp4,211,2024,
A7AAUlh8,Nijame Ne Chebutunna,Sid Sriram,Ooru Peru Bhairavakona,https://c.saavncdn.com/000/Ooru-Peru-Bhairavakona-Telugu-2023-20240215171825-500x500.jpg,https://aac.saavncdn.com/000/507ac0876cbea201b822123ed81ea3fc_320.mp4,214,2023,
WEQu2WTS,Oka Maru Kalisina Andam,KarthikHarris Jayaraj,Ghajini,https://c.saavncdn.com/871/Ghajini-2005-500x500.jpg,https://aac.saavncdn.com/871/4dbe792b9c05172ed8a8fffe3561e9cd_320.mp4,353,2005,
gYM27Q-D,Vellake,Bharatt-SaurabhYazin NizarAnirudh Ravichander,Vellake,https://c.saavncdn.com/040/Vellake-Telugu-2023-20230510195047-500x500.jpg,https://aac.saavncdn.com/040/9b2f383a9287283c3776c6684ee73f7c_320.mp4,217,2023,
1S6VGbCH,Chamka Chamka,Mani SharmaRanjithGeetha Madhuri,Chirutha,https://c.saavncdn.com/959/Chirutha-2007-500x500.jpg,https://aac.saavncdn.com/959/ea6c72762b402462dfd1819113a9bdbf_320.mp4,308,2007,
LLF5ZxnQ,Chiru Chiru,Yuvanshankar RajaHaricharanSagar Desai,Awaara,https://c.saavncdn.com/612/Awaara-Telugu-2013-500x500.jpg,https://aac.saavncdn.com/612/9c7b1b948242534344ea7acf3da553dc_320.mp4,286,2010,
26ZdsX1e,Mr. Perfect,Rita ThyagarajanDevi Sri PrasadBaba Sehgal,Aarya - 2,https://c.saavncdn.com/298/Aarya-2-Telugu-2009-20190822135933-500x500.jpg,https://aac.saavncdn.com/298/f59220bb6eb2f89afb48391c4e72743b_320.mp4,276,2009,
2CDYPNKQ,Alloneredu Kalla,Mani SharmaK. S. ChithraParthasarathy,Seenu,https://c.saavncdn.com/406/Seenu-2000-500x500.jpg,https://aac.saavncdn.com/406/aef4dc3d3a3243012efedd166ac49dcb_320.mp4,278,2000,
bJ9zKoGH,Ismart Title Song,Anurag Kulkarni,Ismart Shankar,https://c.saavncdn.com/213/Ismart-Shankar-Telugu-2019-20190711134004-500x500.jpg,https://aac.saavncdn.com/137/8df065439c058536cd7ce61d77180e34_320.mp4,252,2019,
tYnQN1Rc,Sooseki (From &quot;Pushpa 2 The Rule&quot;),Shreya GhoshalDevi Sri PrasadChandrabose,Sooseki (From &quot;Pushpa 2 The Rule&quot;),https://c.saavncdn.com/597/Sooseki-From-Pushpa-2-The-Rule-Telugu-2024-20240528221003-500x500.jpg,https://aac.saavncdn.com/597/ff0e8574667d494a8c9c7b9176690194_320.mp4,260,2024,
2tSfxpxj,Vikram Title Track (Telugu),Anirudh RavichanderPrudhvi Chandra,Vikram Hitlist,https://c.saavncdn.com/666/Vikram-Hitlist-Telugu-2022-20220607175939-500x500.jpg,https://aac.saavncdn.com/666/d7c96a80530e9b8bb08fd9f4d30f3269_320.mp4,218,2022,
5OjdY4fM,Tillu Anna DJ Pedithe,Ram Miriyala,DJ Tillu,https://c.saavncdn.com/430/DJ-Tillu-Telugu-2022-20220210033850-500x500.jpg,https://aac.saavncdn.com/430/7c1e7a6ca761e7db04d9169208d46eca_320.mp4,183,2022,
6KCYJHd6,Nalupu,Thaman SRita ThyagarajanSuchith Santoshan,Kanchana,https://c.saavncdn.com/730/Kanchana-2011-500x500.jpg,https://aac.saavncdn.com/730/fe889607e512eb8e485348f4602967a1_320.mp4,294,2011,
K29POdbr,Kollagottey,Anirudh Ravichander,Remo (Telugu) [Original Motion Picture Soundtrack],https://c.saavncdn.com/342/Remo-Telugu-Original-Motion-Picture-Soundtrack--Telugu-2016-20210522202710-500x500.jpg,https://aac.saavncdn.com/342/318b5b19dc6207bd3512e0d753f0c60b_320.mp4,251,2016,
ncBHw-c5,Suttamla Soosi,Anurag KulkarniYuvan Shankar Raja,Gangs Of Godavari,https://c.saavncdn.com/000/Gangs-Of-Godavari-Telugu-2024-20240530193901-500x500.jpg,https://aac.saavncdn.com/000/c922662ca59e61d93c86b8aa20007bea_320.mp4,202,2024,
O_iU1zto,Ola Olaala Ala,Ranina ReddyN.C. Karunya,Orange,https://c.saavncdn.com/105/Orange-Telugu-2006-20210624180302-500x500.jpg,https://aac.saavncdn.com/105/237c590e3f0871ef19b1aab3aee07274_320.mp4,334,2010,
U7q200WO,College Papa,Bheems CeciroleoVaramKeerthana SharmaGopika UdayanRam Nithin,MAD,https://c.saavncdn.com/000/MAD-Telugu-2023-20231004152950-500x500.jpg,https://aac.saavncdn.com/000/7b0786b276a69c59f717399deb4d1c2e_320.mp4,245,2023,
bPFI_Oil,Oororo Yogi,KarthikSunitha Upadrasta,Yogi,https://c.saavncdn.com/630/Yogi-Telugu-2006-20190723074525-500x500.jpg,https://aac.saavncdn.com/630/5ccf8d8b97866459ca0b66b7584a5887_320.mp4,277,2006,
kBlrtHYZ,Maha Muddu,Mani SharmaShreya GhoshalKarthik,Jai Chiranjeeva,https://c.saavncdn.com/627/Jai-Chiranjeeva-2005-500x500.jpg,https://aac.saavncdn.com/627/ac85c1f1266c03c9ed20b21ef4d9a57d_320.mp4,306,2005,
aVrpjw_7,Ticket Eh Konakunda,Ram Miriyala,Tillu Square,https://c.saavncdn.com/000/Tillu-Square-Telugu-2023-20240405190047-500x500.jpg,https://aac.saavncdn.com/000/4230cca1e82b5c22a2c34063e561ae0f_320.mp4,189,2023,
yU_Zx3mf,Dum Masala,Thaman SSanjith Hegde,Guntur Kaaram,https://c.saavncdn.com/000/Guntur-Kaaram-Telugu-2023-20240126145901-500x500.jpg,https://aac.saavncdn.com/000/a20063ed2317350eb8f7e13728847e40_320.mp4,206,2023,
yAr5E8FZ,Konte Chooputho,Belly RajDeepaJames Vasanthan,Ananthapuram 1980,https://c.saavncdn.com/236/Ananthapuram-1980-Telugu-2013-500x500.jpg,https://cdn.pixabay.com/download/audio/2022/03/23/audio_07b2a04be3.mp3?filename=order-99518.mp3,326,2013,
1gugl0jt,Po Ve Po - The Pain Of Love,Anirudh RavichanderMohit Chauhan,3 (Telugu),https://c.saavncdn.com/244/3-Telugu-2012-500x500.jpg,https://aac.saavncdn.com/244/c98976a02a6ce03c15004488708324fa_320.mp4,255,2012,
egqN9nKL,Adhento Gaani Vunnapaatuga,Anirudh Ravichander,Jersey,https://c.saavncdn.com/623/Jersey-Telugu-2019-20190427102305-500x500.jpg,https://aac.saavncdn.com/623/3fdef490938e83e350d820bc031dde3a_320.mp4,237,2019,
U8I_Y6YR,Nuvvu Navvukuntu,Kapil Kapilan,MAD,https://c.saavncdn.com/000/MAD-Telugu-2023-20231004152950-500x500.jpg,https://aac.saavncdn.com/000/79776db2d29a11cb4d9147b67da6fb9b_320.mp4,204,2023,
6KCYJHd6,Nalupu,Thaman SRita ThyagarajanSuchith Santoshan,Kanchana,https://c.saavncdn.com/730/Kanchana-2011-500x500.jpg,https://aac.saavncdn.com/730/fe889607e512eb8e485348f4602967a1_320.mp4,294,2011,
yQcTqw6-,Fear Song (From &quot;Devara Part 1&quot;) - Telugu,Anirudh RavichanderRamajogayya Sastry,Fear Song (From &quot;Devara Part 1&quot;) - Telugu,https://c.saavncdn.com/368/Fear-Song-From-Devara-Part-1-Telugu-Telugu-2024-20240519131003-500x500.jpg,https://aac.saavncdn.com/368/7a8cf153bc1e43fabc533b2e1ead49d9_320.mp4,195,2024,
O_iU1zto,Ola Olaala Ala,Ranina ReddyN.C. Karunya,Orange,https://c.saavncdn.com/105/Orange-Telugu-2006-20210624180302-500x500.jpg,https://aac.saavncdn.com/105/237c590e3f0871ef19b1aab3aee07274_320.mp4,334,2010,
PiXTKfRo,Radhika,Ram Miriyala,Tillu Square,https://c.saavncdn.com/000/Tillu-Square-Telugu-2023-20240405190047-500x500.jpg,https://aac.saavncdn.com/000/7d014e12bf442a3e40bc98b34c3a22f8_320.mp4,188,2023,
A7AAUlh8,Nijame Ne Chebutunna,Sid Sriram,Ooru Peru Bhairavakona,https://c.saavncdn.com/000/Ooru-Peru-Bhairavakona-Telugu-2023-20240215171825-500x500.jpg,https://aac.saavncdn.com/000/507ac0876cbea201b822123ed81ea3fc_320.mp4,214,2023,
kBlrtHYZ,Maha Muddu,Mani SharmaShreya GhoshalKarthik,Jai Chiranjeeva,https://c.saavncdn.com/627/Jai-Chiranjeeva-2005-500x500.jpg,https://aac.saavncdn.com/627/ac85c1f1266c03c9ed20b21ef4d9a57d_320.mp4,306,2005,
54S2cA8W,Chiguraku Chatu,Mani SharmaSujatha MohanS.P. Charan,Gudumba Shankar,https://c.saavncdn.com/495/Gudumba-Shankar-2004-500x500.jpg,https://aac.saavncdn.com/495/4cc4389e2496d93a1b21d87478cdf372_320.mp4,311,2004,
yU_Zx3mf,Dum Masala,Thaman SSanjith Hegde,Guntur Kaaram,https://c.saavncdn.com/000/Guntur-Kaaram-Telugu-2023-20240126145901-500x500.jpg,https://aac.saavncdn.com/000/a20063ed2317350eb8f7e13728847e40_320.mp4,206,2023,
yAr5E8FZ,Konte Chooputho,Belly RajDeepaJames Vasanthan,Ananthapuram 1980,https://c.saavncdn.com/236/Ananthapuram-1980-Telugu-2013-500x500.jpg,https://cdn.pixabay.com/download/audio/2022/04/27/audio_6ebb6aaa24.mp3?filename=lofi-study-112191.mp3,326,2013,
BgqPmnlD,Apudo Ipudo,Devi Sri PrasadSiddharth,Bommarillu,https://c.saavncdn.com/843/Bommarillu-2000-500x500.jpg,https://aac.saavncdn.com/843/ca7e36439771ce63641bc47e457d8260_320.mp4,244,2000,
U8I_Y6YR,Nuvvu Navvukuntu,Kapil Kapilan,MAD,https://c.saavncdn.com/000/MAD-Telugu-2023-20231004152950-500x500.jpg,https://aac.saavncdn.com/000/79776db2d29a11cb4d9147b67da6fb9b_320.mp4,204,2023,
cVQR6Pf7,Chinnaga Chinnaga,Mani SharmaK. S. ChithraHariharan,Tagore,https://c.saavncdn.com/769/Tagore-2003-500x500.jpg,https://aac.saavncdn.com/769/d36fdc955f7539b56e5f62bcd11bad74_320.mp4,325,2003,
85HwCRYA,Nindu Punammi Vela,Suman BadanakalSrinidhi Nerella,Nindu Punammi Vela,https://c.saavncdn.com/466/Nindu-Punammi-Vela-Telugu-2022-20220823135133-500x500.jpg,https://aac.saavncdn.com/466/e1d900114aee2d86b90550d3c2947439_320.mp4,249,2022,
tYnQN1Rc,Sooseki (From &quot;Pushpa 2 The Rule&quot;),Shreya GhoshalDevi Sri PrasadChandrabose,Sooseki (From &quot;Pushpa 2 The Rule&quot;),https://c.saavncdn.com/597/Sooseki-From-Pushpa-2-The-Rule-Telugu-2024-20240528221003-500x500.jpg,https://aac.saavncdn.com/597/ff0e8574667d494a8c9c7b9176690194_320.mp4,260,2024,
kehuVn2F,Maate Vinadhuga,Sid Sriram,Taxiwaala,https://c.saavncdn.com/761/Taxiwaala-Telugu-2018-20181123170326-500x500.jpg,https://aac.saavncdn.com/199/c6f372d7f53cfd407e4175b1e96e5faf_320.mp4,275,2018,
yQcTqw6-,Fear Song (From &quot;Devara Part 1&quot;) - Telugu,Anirudh RavichanderRamajogayya Sastry,Fear Song (From &quot;Devara Part 1&quot;) - Telugu,https://c.saavncdn.com/368/Fear-Song-From-Devara-Part-1-Telugu-Telugu-2024-20240519131003-500x500.jpg,https://aac.saavncdn.com/368/7a8cf153bc1e43fabc533b2e1ead49d9_320.mp4,195,2024,
K29POdbr,Kollagottey,Anirudh Ravichander,Remo (Telugu) [Original Motion Picture Soundtrack],https://c.saavncdn.com/342/Remo-Telugu-Original-Motion-Picture-Soundtrack--Telugu-2016-20210522202710-500x500.jpg,https://aac.saavncdn.com/342/318b5b19dc6207bd3512e0d753f0c60b_320.mp4,251,2016,
ncBHw-c5,Suttamla Soosi,Anurag KulkarniYuvan Shankar Raja,Gangs Of Godavari,https://c.saavncdn.com/000/Gangs-Of-Godavari-Telugu-2024-20240530193901-500x500.jpg,https://aac.saavncdn.com/000/c922662ca59e61d93c86b8aa20007bea_320.mp4,202,2024,
PiXTKfRo,Radhika,Ram Miriyala,Tillu Square,https://c.saavncdn.com/000/Tillu-Square-Telugu-2023-20240405190047-500x500.jpg,https://aac.saavncdn.com/000/7d014e12bf442a3e40bc98b34c3a22f8_320.mp4,188,2023,
Z19qWKz9,O Rendu Prema Meghaalila (First Love Song),Vijai BulganinSreerama Chandra,Baby,https://c.saavncdn.com/732/Baby-Telugu-2023-20230710131123-500x500.jpg,https://aac.saavncdn.com/732/69124058bda0644eea3fdf0217c04952_320.mp4,314,2023,
54S2cA8W,Chiguraku Chatu,Mani SharmaSujatha MohanS.P. Charan,Gudumba Shankar,https://c.saavncdn.com/495/Gudumba-Shankar-2004-500x500.jpg,https://aac.saavncdn.com/495/4cc4389e2496d93a1b21d87478cdf372_320.mp4,311,2004,
aVrpjw_7,Ticket Eh Konakunda,Ram Miriyala,Tillu Square,https://c.saavncdn.com/000/Tillu-Square-Telugu-2023-20240405190047-500x500.jpg,https://aac.saavncdn.com/000/4230cca1e82b5c22a2c34063e561ae0f_320.mp4,189,2023,
26ZdsX1e,Mr. Perfect,Rita ThyagarajanDevi Sri PrasadBaba Sehgal,Aarya - 2,https://c.saavncdn.com/298/Aarya-2-Telugu-2009-20190822135933-500x500.jpg,https://aac.saavncdn.com/298/f59220bb6eb2f89afb48391c4e72743b_320.mp4,276,2009,
2CDYPNKQ,Alloneredu Kalla,Mani SharmaK. S. ChithraParthasarathy,Seenu,https://c.saavncdn.com/406/Seenu-2000-500x500.jpg,https://aac.saavncdn.com/406/aef4dc3d3a3243012efedd166ac49dcb_320.mp4,278,2000,
QRqVZRYe,Life Of Ram,Pradeep Kumar,Jaanu,https://c.saavncdn.com/568/Jaanu-Telugu-2020-20200201183214-500x500.jpg,https://aac.saavncdn.com/568/f6e92ec11e1400b109a8c8fabf18462a_320.mp4,364,2020,
bJ9zKoGH,Ismart Title Song,Anurag Kulkarni,Ismart Shankar,https://c.saavncdn.com/213/Ismart-Shankar-Telugu-2019-20190711134004-500x500.jpg,https://aac.saavncdn.com/137/8df065439c058536cd7ce61d77180e34_320.mp4,252,2019,
4W-eQraL,Niddura Potunna,KotiShankar Mahadevan,Nuvve Nuvve,https://c.saavncdn.com/312/Nuvve-Nuvve-2002-500x500.jpg,https://aac.saavncdn.com/312/a6472c24d86af79d51bd6a2ce87014cd_320.mp4,273,2002,
O_iU1zto,Ola Olaala Ala,Ranina ReddyN.C. Karunya,Orange,https://c.saavncdn.com/105/Orange-Telugu-2006-20210624180302-500x500.jpg,https://aac.saavncdn.com/105/237c590e3f0871ef19b1aab3aee07274_320.mp4,334,2010,
U7q200WO,College Papa,Bheems CeciroleoVaramKeerthana SharmaGopika UdayanRam Nithin,MAD,https://c.saavncdn.com/000/MAD-Telugu-2023-20231004152950-500x500.jpg,https://aac.saavncdn.com/000/7b0786b276a69c59f717399deb4d1c2e_320.mp4,245,2023,
VlZYRcfQ,Mastaaru Mastaaru,G.V. Prakash KumarShweta Mohan,Sir,https://c.saavncdn.com/blob/026/Sir-Telugu-2022-20230211174608-500x500.jpg,https://aac.saavncdn.com/000/be9f5d9003cc9114189bc6c3551e4743_320.mp4,225,2022,
gYM27Q-D,Vellake,Bharatt-SaurabhYazin NizarAnirudh Ravichander,Vellake,https://c.saavncdn.com/040/Vellake-Telugu-2023-20230510195047-500x500.jpg,https://aac.saavncdn.com/040/9b2f383a9287283c3776c6684ee73f7c_320.mp4,217,2023,
54S2cA8W,Chiguraku Chatu,Mani SharmaSujatha MohanS.P. Charan,Gudumba Shankar,https://c.saavncdn.com/495/Gudumba-Shankar-2004-500x500.jpg,https://aac.saavncdn.com/495/4cc4389e2496d93a1b21d87478cdf372_320.mp4,311,2004,
ARuXdxyk,Kurchi Madathapetti,Mahesh BabuThaman SSri KrishnaSahithi Chaganti,Guntur Kaaram,https://c.saavncdn.com/000/Guntur-Kaaram-Telugu-2023-20240126145901-500x500.jpg,https://aac.saavncdn.com/000/a8b06cdf02fd61001823e10d55ad3ebe_320.mp4,216,2023,
DK808b4x,Kalalo Kooda,Tanishk BagchiSid SriramVaishnavi Kovvuri,Liger (Telugu) (Original Motion Picture Soundtrack),https://c.saavncdn.com/448/Liger-Telugu-Original-Motion-Picture-Soundtrack-Telugu-2022-20220826184921-500x500.jpg,https://aac.saavncdn.com/448/7aecba3f88bf10c2f23a23a990fcc36a_320.mp4,246,2022,
LLF5ZxnQ,Chiru Chiru,Yuvanshankar RajaHaricharanSagar Desai,Awaara,https://c.saavncdn.com/612/Awaara-Telugu-2013-500x500.jpg,https://aac.saavncdn.com/612/9c7b1b948242534344ea7acf3da553dc_320.mp4,286,2010,
BgqPmnlD,Apudo Ipudo,Devi Sri PrasadSiddharth,Bommarillu,https://c.saavncdn.com/843/Bommarillu-2000-500x500.jpg,https://aac.saavncdn.com/843/ca7e36439771ce63641bc47e457d8260_320.mp4,244,2000,
4W-eQraL,Niddura Potunna,KotiShankar Mahadevan,Nuvve Nuvve,https://c.saavncdn.com/312/Nuvve-Nuvve-2002-500x500.jpg,https://aac.saavncdn.com/312/a6472c24d86af79d51bd6a2ce87014cd_320.mp4,273,2002,
kehuVn2F,Maate Vinadhuga,Sid Sriram,Taxiwaala,https://c.saavncdn.com/761/Taxiwaala-Telugu-2018-20181123170326-500x500.jpg,https://aac.saavncdn.com/199/c6f372d7f53cfd407e4175b1e96e5faf_320.mp4,275,2018,
2tSfxpxj,Vikram Title Track (Telugu),Anirudh RavichanderPrudhvi Chandra,Vikram Hitlist,https://c.saavncdn.com/666/Vikram-Hitlist-Telugu-2022-20220607175939-500x500.jpg,https://aac.saavncdn.com/666/d7c96a80530e9b8bb08fd9f4d30f3269_320.mp4,218,2022,
AN1zv7KP,Anuvanuvuu,Sunny M.R.Arijit Singh,Om Bheem Bush,https://c.saavncdn.com/000/Om-Bheem-Bush-Telugu-2024-20240401231417-500x500.jpg,https://aac.saavncdn.com/000/cb9d6e279ff308e6d35507b5a4c27299_320.mp4,211,2024,
A7AAUlh8,Nijame Ne Chebutunna,Sid Sriram,Ooru Peru Bhairavakona,https://c.saavncdn.com/000/Ooru-Peru-Bhairavakona-Telugu-2023-20240215171825-500x500.jpg,https://aac.saavncdn.com/000/507ac0876cbea201b822123ed81ea3fc_320.mp4,214,2023,
U7q200WO,College Papa,Bheems CeciroleoVaramKeerthana SharmaGopika UdayanRam Nithin,MAD,https://c.saavncdn.com/000/MAD-Telugu-2023-20231004152950-500x500.jpg,https://aac.saavncdn.com/000/7b0786b276a69c59f717399deb4d1c2e_320.mp4,245,2023,
qlFP7Lvm,Jalsa Jalsa,Baba SehgalRita Thyagarajan,Jalsa,https://c.saavncdn.com/903/Jalsa-2008-500x500.jpg,https://aac.saavncdn.com/903/afeef4df57a4bb28b5b3b9eea8678b58_320.mp4,259,2008,
#NAME?,Mellaga,Devi Sri PrasadS.P. CharanSumangali,Varsham,https://c.saavncdn.com/449/Varsham-2003-500x500.jpg,https://cdn.pixabay.com/download/audio/2022/03/15/audio_c8c8a73467.mp3?filename=fun-life-112188.mp3,321,2003,
ARuXdxyk,Kurchi Madathapetti,Mahesh BabuThaman SSri KrishnaSahithi Chaganti,Guntur Kaaram,https://c.saavncdn.com/000/Guntur-Kaaram-Telugu-2023-20240126145901-500x500.jpg,https://aac.saavncdn.com/000/a8b06cdf02fd61001823e10d55ad3ebe_320.mp4,216,2023,
yAr5E8FZ,Konte Chooputho,Belly RajDeepaJames Vasanthan,Ananthapuram 1980,https://c.saavncdn.com/236/Ananthapuram-1980-Telugu-2013-500x500.jpg,https://cdn.pixabay.com/download/audio/2022/02/07/audio_13f9618d7f.mp3?filename=whip-110235.mp3,326,2013,
1gugl0jt,Po Ve Po - The Pain Of Love,Anirudh RavichanderMohit Chauhan,3 (Telugu),https://c.saavncdn.com/244/3-Telugu-2012-500x500.jpg,https://aac.saavncdn.com/244/c98976a02a6ce03c15004488708324fa_320.mp4,255,2012,
2CDYPNKQ,Alloneredu Kalla,Mani SharmaK. S. ChithraParthasarathy,Seenu,https://c.saavncdn.com/406/Seenu-2000-500x500.jpg,https://aac.saavncdn.com/406/aef4dc3d3a3243012efedd166ac49dcb_320.mp4,278,2000,
cVQR6Pf7,Chinnaga Chinnaga,Mani SharmaK. S. ChithraHariharan,Tagore,https://c.saavncdn.com/769/Tagore-2003-500x500.jpg,https://aac.saavncdn.com/769/d36fdc955f7539b56e5f62bcd11bad74_320.mp4,325,2003,
QRqVZRYe,Life Of Ram,Pradeep Kumar,Jaanu,https://c.saavncdn.com/568/Jaanu-Telugu-2020-20200201183214-500x500.jpg,https://aac.saavncdn.com/568/f6e92ec11e1400b109a8c8fabf18462a_320.mp4,364,2020,
bJ9zKoGH,Ismart Title Song,Anurag Kulkarni,Ismart Shankar,https://c.saavncdn.com/213/Ismart-Shankar-Telugu-2019-20190711134004-500x500.jpg,https://aac.saavncdn.com/137/8df065439c058536cd7ce61d77180e34_320.mp4,252,2019,
DK808b4x,Kalalo Kooda,Tanishk BagchiSid SriramVaishnavi Kovvuri,Liger (Telugu) (Original Motion Picture Soundtrack),https://c.saavncdn.com/448/Liger-Telugu-Original-Motion-Picture-Soundtrack-Telugu-2022-20220826184921-500x500.jpg,https://aac.saavncdn.com/448/7aecba3f88bf10c2f23a23a990fcc36a_320.mp4,246,2022,
QRqVZRYe,Life Of Ram,Pradeep Kumar,Jaanu,https://c.saavncdn.com/568/Jaanu-Telugu-2020-20200201183214-500x500.jpg,https://aac.saavncdn.com/568/f6e92ec11e1400b109a8c8fabf18462a_320.mp4,364,2020,
bJ9zKoGH,Ismart Title Song,Anurag Kulkarni,Ismart Shankar,https://c.saavncdn.com/213/Ismart-Shankar-Telugu-2019-20190711134004-500x500.jpg,https://aac.saavncdn.com/137/8df065439c058536cd7ce61d77180e34_320.mp4,252,2019,
WEQu2WTS,Oka Maru Kalisina Andam,KarthikHarris Jayaraj,Ghajini,https://c.saavncdn.com/871/Ghajini-2005-500x500.jpg,https://aac.saavncdn.com/871/4dbe792b9c05172ed8a8fffe3561e9cd_320.mp4,353,2005,
VlZYRcfQ,Mastaaru Mastaaru,G.V. Prakash KumarShweta Mohan,Sir,https://c.saavncdn.com/blob/026/Sir-Telugu-2022-20230211174608-500x500.jpg,https://aac.saavncdn.com/000/be9f5d9003cc9114189bc6c3551e4743_320.mp4,225,2022,
bPFI_Oil,Oororo Yogi,KarthikSunitha Upadrasta,Yogi,https://c.saavncdn.com/630/Yogi-Telugu-2006-20190723074525-500x500.jpg,https://aac.saavncdn.com/630/5ccf8d8b97866459ca0b66b7584a5887_320.mp4,277,2006,
bJ9zKoGH,Ismart Title Song,Anurag Kulkarni,Ismart Shankar,https://c.saavncdn.com/213/Ismart-Shankar-Telugu-2019-20190711134004-500x500.jpg,https://aac.saavncdn.com/137/8df065439c058536cd7ce61d77180e34_320.mp4,252,2019,
Z19qWKz9,O Rendu Prema Meghaalila (First Love Song),Vijai BulganinSreerama Chandra,Baby,https://c.saavncdn.com/732/Baby-Telugu-2023-20230710131123-500x500.jpg,https://aac.saavncdn.com/732/69124058bda0644eea3fdf0217c04952_320.mp4,314,2023,
kBlrtHYZ,Maha Muddu,Mani SharmaShreya GhoshalKarthik,Jai Chiranjeeva,https://c.saavncdn.com/627/Jai-Chiranjeeva-2005-500x500.jpg,https://aac.saavncdn.com/627/ac85c1f1266c03c9ed20b21ef4d9a57d_320.mp4,306,2005,
2tSfxpxj,Vikram Title Track (Telugu),Anirudh RavichanderPrudhvi Chandra,Vikram Hitlist,https://c.saavncdn.com/666/Vikram-Hitlist-Telugu-2022-20220607175939-500x500.jpg,https://aac.saavncdn.com/666/d7c96a80530e9b8bb08fd9f4d30f3269_320.mp4,218,2022,
VlZYRcfQ,Mastaaru Mastaaru,G.V. Prakash KumarShweta Mohan,Sir,https://c.saavncdn.com/blob/026/Sir-Telugu-2022-20230211174608-500x500.jpg,https://aac.saavncdn.com/000/be9f5d9003cc9114189bc6c3551e4743_320.mp4,225,2022,
LLF5ZxnQ,Chiru Chiru,Yuvanshankar RajaHaricharanSagar Desai,Awaara,https://c.saavncdn.com/612/Awaara-Telugu-2013-500x500.jpg,https://aac.saavncdn.com/612/9c7b1b948242534344ea7acf3da553dc_320.mp4,286,2010,
85HwCRYA,Nindu Punammi Vela,Suman BadanakalSrinidhi Nerella,Nindu Punammi Vela,https://c.saavncdn.com/466/Nindu-Punammi-Vela-Telugu-2022-20220823135133-500x500.jpg,https://aac.saavncdn.com/466/e1d900114aee2d86b90550d3c2947439_320.mp4,249,2022,
ARuXdxyk,Kurchi Madathapetti,Mahesh BabuThaman SSri KrishnaSahithi Chaganti,Guntur Kaaram,https://c.saavncdn.com/000/Guntur-Kaaram-Telugu-2023-20240126145901-500x500.jpg,https://aac.saavncdn.com/000/a8b06cdf02fd61001823e10d55ad3ebe_320.mp4,216,2023,
egqN9nKL,Adhento Gaani Vunnapaatuga,Anirudh Ravichander,Jersey,https://c.saavncdn.com/623/Jersey-Telugu-2019-20190427102305-500x500.jpg,https://aac.saavncdn.com/623/3fdef490938e83e350d820bc031dde3a_320.mp4,237,2019,
cVQR6Pf7,Chinnaga Chinnaga,Mani SharmaK. S. ChithraHariharan,Tagore,https://c.saavncdn.com/769/Tagore-2003-500x500.jpg,https://aac.saavncdn.com/769/d36fdc955f7539b56e5f62bcd11bad74_320.mp4,325,2003,
4W-eQraL,Niddura Potunna,KotiShankar Mahadevan,Nuvve Nuvve,https://c.saavncdn.com/312/Nuvve-Nuvve-2002-500x500.jpg,https://aac.saavncdn.com/312/a6472c24d86af79d51bd6a2ce87014cd_320.mp4,273,2002,
aVrpjw_7,Ticket Eh Konakunda,Ram Miriyala,Tillu Square,https://c.saavncdn.com/000/Tillu-Square-Telugu-2023-20240405190047-500x500.jpg,https://aac.saavncdn.com/000/4230cca1e82b5c22a2c34063e561ae0f_320.mp4,189,2023,
qlFP7Lvm,Jalsa Jalsa,Baba SehgalRita Thyagarajan,Jalsa,https://c.saavncdn.com/903/Jalsa-2008-500x500.jpg,https://aac.saavncdn.com/903/afeef4df57a4bb28b5b3b9eea8678b58_320.mp4,259,2008,
85HwCRYA,Nindu Punammi Vela,Suman BadanakalSrinidhi Nerella,Nindu Punammi Vela,https://c.saavncdn.com/466/Nindu-Punammi-Vela-Telugu-2022-20220823135133-500x500.jpg,https://aac.saavncdn.com/466/e1d900114aee2d86b90550d3c2947439_320.mp4,249,2022,
2tSfxpxj,Vikram Title Track (Telugu),Anirudh RavichanderPrudhvi Chandra,Vikram Hitlist,https://c.saavncdn.com/666/Vikram-Hitlist-Telugu-2022-20220607175939-500x500.jpg,https://aac.saavncdn.com/666/d7c96a80530e9b8bb08fd9f4d30f3269_320.mp4,218,2022,
U8I_Y6YR,Nuvvu Navvukuntu,Kapil Kapilan,MAD,https://c.saavncdn.com/000/MAD-Telugu-2023-20231004152950-500x500.jpg,https://aac.saavncdn.com/000/79776db2d29a11cb4d9147b67da6fb9b_320.mp4,204,2023,
LLF5ZxnQ,Chiru Chiru,Yuvanshankar RajaHaricharanSagar Desai,Awaara,https://c.saavncdn.com/612/Awaara-Telugu-2013-500x500.jpg,https://aac.saavncdn.com/612/9c7b1b948242534344ea7acf3da553dc_320.mp4,286,2010,
cVQR6Pf7,Chinnaga Chinnaga,Mani SharmaK. S. ChithraHariharan,Tagore,https://c.saavncdn.com/769/Tagore-2003-500x500.jpg,https://aac.saavncdn.com/769/d36fdc955f7539b56e5f62bcd11bad74_320.mp4,325,2003,
yQcTqw6-,Fear Song (From &quot;Devara Part 1&quot;) - Telugu,Anirudh RavichanderRamajogayya Sastry,Fear Song (From &quot;Devara Part 1&quot;) - Telugu,https://c.saavncdn.com/368/Fear-Song-From-Devara-Part-1-Telugu-Telugu-2024-20240519131003-500x500.jpg,https://aac.saavncdn.com/368/7a8cf153bc1e43fabc533b2e1ead49d9_320.mp4,195,2024,
WEQu2WTS,Oka Maru Kalisina Andam,KarthikHarris Jayaraj,Ghajini,https://c.saavncdn.com/871/Ghajini-2005-500x500.jpg,https://aac.saavncdn.com/871/4dbe792b9c05172ed8a8fffe3561e9cd_320.mp4,353,2005,
bPFI_Oil,Oororo Yogi,KarthikSunitha Upadrasta,Yogi,https://c.saavncdn.com/630/Yogi-Telugu-2006-20190723074525-500x500.jpg,https://aac.saavncdn.com/630/5ccf8d8b97866459ca0b66b7584a5887_320.mp4,277,2006,
AN1zv7KP,Anuvanuvuu,Sunny M.R.Arijit Singh,Om Bheem Bush,https://c.saavncdn.com/000/Om-Bheem-Bush-Telugu-2024-20240401231417-500x500.jpg,https://aac.saavncdn.com/000/cb9d6e279ff308e6d35507b5a4c27299_320.mp4,211,2024,
qlFP7Lvm,Jalsa Jalsa,Baba SehgalRita Thyagarajan,Jalsa,https://c.saavncdn.com/903/Jalsa-2008-500x500.jpg,https://aac.saavncdn.com/903/afeef4df57a4bb28b5b3b9eea8678b58_320.mp4,259,2008,
5OjdY4fM,Tillu Anna DJ Pedithe,Ram Miriyala,DJ Tillu,https://c.saavncdn.com/430/DJ-Tillu-Telugu-2022-20220210033850-500x500.jpg,https://aac.saavncdn.com/430/7c1e7a6ca761e7db04d9169208d46eca_320.mp4,183,2022,
A7AAUlh8,Nijame Ne Chebutunna,Sid Sriram,Ooru Peru Bhairavakona,https://c.saavncdn.com/000/Ooru-Peru-Bhairavakona-Telugu-2023-20240215171825-500x500.jpg,https://aac.saavncdn.com/000/507ac0876cbea201b822123ed81ea3fc_320.mp4,214,2023,
